Collection,HTTP Method,Endpoint,Auth Mode,SDK Namespace,SDK Method,Registry File,Resource File,Test File,Status,Priority,Notes
USDⓈ-M Futures,GET,/fapi/v1/ping,public,client.futures.market,ping,src/registry/usdm.endpoints.ts,src/resources/FuturesTrading.ts | FuturesAccount.ts | FuturesMarket.ts | FuturesData.ts | FuturesOps.ts,test/resources/FuturesTrading.test.ts | FuturesAccount.test.ts | FuturesMarket.test.ts | FuturesData.test.ts | FuturesOps.test.ts,Covered,P2,
USDⓈ-M Futures,GET,/fapi/v1/time,public,client.futures.market,serverTime,src/registry/usdm.endpoints.ts,src/resources/FuturesTrading.ts | FuturesAccount.ts | FuturesMarket.ts | FuturesData.ts | FuturesOps.ts,test/resources/FuturesTrading.test.ts | FuturesAccount.test.ts | FuturesMarket.test.ts | FuturesData.test.ts | FuturesOps.test.ts,Covered,P2,
USDⓈ-M Futures,GET,/fapi/v1/exchangeInfo,public,client.futures.market,exchangeInfo,src/registry/usdm.endpoints.ts,src/resources/FuturesTrading.ts | FuturesAccount.ts | FuturesMarket.ts | FuturesData.ts | FuturesOps.ts,test/resources/FuturesTrading.test.ts | FuturesAccount.test.ts | FuturesMarket.test.ts | FuturesData.test.ts | FuturesOps.test.ts,Covered,P2,
USDⓈ-M Futures,GET,/fapi/v1/depth,public,client.futures.market,depth,src/registry/usdm.endpoints.ts,src/resources/FuturesTrading.ts | FuturesAccount.ts | FuturesMarket.ts | FuturesData.ts | FuturesOps.ts,test/resources/FuturesTrading.test.ts | FuturesAccount.test.ts | FuturesMarket.test.ts | FuturesData.test.ts | FuturesOps.test.ts,Covered,P2,
USDⓈ-M Futures,GET,/fapi/v1/trades,public,client.futures.market,trades,src/registry/usdm.endpoints.ts,src/resources/FuturesTrading.ts | FuturesAccount.ts | FuturesMarket.ts | FuturesData.ts | FuturesOps.ts,test/resources/FuturesTrading.test.ts | FuturesAccount.test.ts | FuturesMarket.test.ts | FuturesData.test.ts | FuturesOps.test.ts,Covered,P2,
USDⓈ-M Futures,GET,/fapi/v1/historicalTrades,apiKey,client.futures.market,historicalTrades,src/registry/usdm.endpoints.ts,src/resources/FuturesTrading.ts | FuturesAccount.ts | FuturesMarket.ts | FuturesData.ts | FuturesOps.ts,test/resources/FuturesTrading.test.ts | FuturesAccount.test.ts | FuturesMarket.test.ts | FuturesData.test.ts | FuturesOps.test.ts,Covered,P2,
USDⓈ-M Futures,GET,/fapi/v1/aggTrades,public,client.futures.market,aggTrades,src/registry/usdm.endpoints.ts,src/resources/FuturesTrading.ts | FuturesAccount.ts | FuturesMarket.ts | FuturesData.ts | FuturesOps.ts,test/resources/FuturesTrading.test.ts | FuturesAccount.test.ts | FuturesMarket.test.ts | FuturesData.test.ts | FuturesOps.test.ts,Covered,P2,
USDⓈ-M Futures,GET,/fapi/v1/klines,public,client.futures.market,klines,src/registry/usdm.endpoints.ts,src/resources/FuturesTrading.ts | FuturesAccount.ts | FuturesMarket.ts | FuturesData.ts | FuturesOps.ts,test/resources/FuturesTrading.test.ts | FuturesAccount.test.ts | FuturesMarket.test.ts | FuturesData.test.ts | FuturesOps.test.ts,Covered,P2,
USDⓈ-M Futures,GET,/fapi/v1/ticker/24hr,public,client.futures.market,ticker24hr,src/registry/usdm.endpoints.ts,src/resources/FuturesTrading.ts | FuturesAccount.ts | FuturesMarket.ts | FuturesData.ts | FuturesOps.ts,test/resources/FuturesTrading.test.ts | FuturesAccount.test.ts | FuturesMarket.test.ts | FuturesData.test.ts | FuturesOps.test.ts,Covered,P2,
USDⓈ-M Futures,GET,/fapi/v1/ticker/price,public,client.futures.market,tickerPrice,src/registry/usdm.endpoints.ts,src/resources/FuturesTrading.ts | FuturesAccount.ts | FuturesMarket.ts | FuturesData.ts | FuturesOps.ts,test/resources/FuturesTrading.test.ts | FuturesAccount.test.ts | FuturesMarket.test.ts | FuturesData.test.ts | FuturesOps.test.ts,Covered,P2,
USDⓈ-M Futures,GET,/fapi/v1/ticker/bookTicker,public,client.futures.market,bookTicker,src/registry/usdm.endpoints.ts,src/resources/FuturesTrading.ts | FuturesAccount.ts | FuturesMarket.ts | FuturesData.ts | FuturesOps.ts,test/resources/FuturesTrading.test.ts | FuturesAccount.test.ts | FuturesMarket.test.ts | FuturesData.test.ts | FuturesOps.test.ts,Covered,P2,
USDⓈ-M Futures,GET,/fapi/v1/continuousKlines,public,client.futures.market,continuousKlines,src/registry/usdm.endpoints.ts,src/resources/FuturesTrading.ts | FuturesAccount.ts | FuturesMarket.ts | FuturesData.ts | FuturesOps.ts,test/resources/FuturesTrading.test.ts | FuturesAccount.test.ts | FuturesMarket.test.ts | FuturesData.test.ts | FuturesOps.test.ts,Covered,P2,
USDⓈ-M Futures,GET,/fapi/v1/indexPriceKlines,public,client.futures.market,indexPriceKlines,src/registry/usdm.endpoints.ts,src/resources/FuturesTrading.ts | FuturesAccount.ts | FuturesMarket.ts | FuturesData.ts | FuturesOps.ts,test/resources/FuturesTrading.test.ts | FuturesAccount.test.ts | FuturesMarket.test.ts | FuturesData.test.ts | FuturesOps.test.ts,Covered,P2,
USDⓈ-M Futures,GET,/fapi/v1/markPriceKlines,public,client.futures.market,markPriceKlines,src/registry/usdm.endpoints.ts,src/resources/FuturesTrading.ts | FuturesAccount.ts | FuturesMarket.ts | FuturesData.ts | FuturesOps.ts,test/resources/FuturesTrading.test.ts | FuturesAccount.test.ts | FuturesMarket.test.ts | FuturesData.test.ts | FuturesOps.test.ts,Covered,P2,
USDⓈ-M Futures,GET,/fapi/v1/premiumIndexKlines,public,client.futures.market,premiumIndexKlines,src/registry/usdm.endpoints.ts,src/resources/FuturesTrading.ts | FuturesAccount.ts | FuturesMarket.ts | FuturesData.ts | FuturesOps.ts,test/resources/FuturesTrading.test.ts | FuturesAccount.test.ts | FuturesMarket.test.ts | FuturesData.test.ts | FuturesOps.test.ts,Covered,P2,
USDⓈ-M Futures,GET,/fapi/v1/rpiDepth,public,client.futures.market,rpiDepth,src/registry/usdm.endpoints.ts,src/resources/FuturesTrading.ts | FuturesAccount.ts | FuturesMarket.ts | FuturesData.ts | FuturesOps.ts,test/resources/FuturesTrading.test.ts | FuturesAccount.test.ts | FuturesMarket.test.ts | FuturesData.test.ts | FuturesOps.test.ts,Covered,P2,
USDⓈ-M Futures,GET,/fapi/v1/tradingDayTicker,public,client.futures.market,tradingDayTicker,src/registry/usdm.endpoints.ts,src/resources/FuturesTrading.ts | FuturesAccount.ts | FuturesMarket.ts | FuturesData.ts | FuturesOps.ts,test/resources/FuturesTrading.test.ts | FuturesAccount.test.ts | FuturesMarket.test.ts | FuturesData.test.ts | FuturesOps.test.ts,Covered (extra),P2,Implemented in registry but NOT in uploaded 95-endpoint collection.
USDⓈ-M Futures,GET,/fapi/v2/ticker/price,public,client.futures.market,tickerPriceV2,src/registry/usdm.endpoints.ts,src/resources/FuturesTrading.ts | FuturesAccount.ts | FuturesMarket.ts | FuturesData.ts | FuturesOps.ts,test/resources/FuturesTrading.test.ts | FuturesAccount.test.ts | FuturesMarket.test.ts | FuturesData.test.ts | FuturesOps.test.ts,Covered,P2,
USDⓈ-M Futures,GET,/fapi/v2/ticker/bookTicker,public,client.futures.market,bookTickerV2,src/registry/usdm.endpoints.ts,src/resources/FuturesTrading.ts | FuturesAccount.ts | FuturesMarket.ts | FuturesData.ts | FuturesOps.ts,test/resources/FuturesTrading.test.ts | FuturesAccount.test.ts | FuturesMarket.test.ts | FuturesData.test.ts | FuturesOps.test.ts,Covered (extra),P2,Implemented in registry but NOT in uploaded 95-endpoint collection.
USDⓈ-M Futures,GET,/fapi/v1/fundingRate,public,client.futures.data,fundingRateHistory,src/registry/usdm.endpoints.ts,src/resources/FuturesTrading.ts | FuturesAccount.ts | FuturesMarket.ts | FuturesData.ts | FuturesOps.ts,test/resources/FuturesTrading.test.ts | FuturesAccount.test.ts | FuturesMarket.test.ts | FuturesData.test.ts | FuturesOps.test.ts,Covered,P2,
USDⓈ-M Futures,GET,/fapi/v1/premiumIndex,public,client.futures.data,premiumIndex,src/registry/usdm.endpoints.ts,src/resources/FuturesTrading.ts | FuturesAccount.ts | FuturesMarket.ts | FuturesData.ts | FuturesOps.ts,test/resources/FuturesTrading.test.ts | FuturesAccount.test.ts | FuturesMarket.test.ts | FuturesData.test.ts | FuturesOps.test.ts,Covered,P2,
USDⓈ-M Futures,GET,/fapi/v1/openInterest,public,client.futures.data,openInterest,src/registry/usdm.endpoints.ts,src/resources/FuturesTrading.ts | FuturesAccount.ts | FuturesMarket.ts | FuturesData.ts | FuturesOps.ts,test/resources/FuturesTrading.test.ts | FuturesAccount.test.ts | FuturesMarket.test.ts | FuturesData.test.ts | FuturesOps.test.ts,Covered,P2,
USDⓈ-M Futures,GET,/futures/data/openInterestHist,public,client.futures.data,openInterestHist,src/registry/usdm.endpoints.ts,src/resources/FuturesTrading.ts | FuturesAccount.ts | FuturesMarket.ts | FuturesData.ts | FuturesOps.ts,test/resources/FuturesTrading.test.ts | FuturesAccount.test.ts | FuturesMarket.test.ts | FuturesData.test.ts | FuturesOps.test.ts,Covered,P2,
USDⓈ-M Futures,GET,/futures/data/topLongShortAccountRatio,public,client.futures.data,topLongShortAccountRatio,src/registry/usdm.endpoints.ts,src/resources/FuturesTrading.ts | FuturesAccount.ts | FuturesMarket.ts | FuturesData.ts | FuturesOps.ts,test/resources/FuturesTrading.test.ts | FuturesAccount.test.ts | FuturesMarket.test.ts | FuturesData.test.ts | FuturesOps.test.ts,Covered,P2,
USDⓈ-M Futures,GET,/futures/data/topLongShortPositionRatio,public,client.futures.data,topLongShortPositionRatio,src/registry/usdm.endpoints.ts,src/resources/FuturesTrading.ts | FuturesAccount.ts | FuturesMarket.ts | FuturesData.ts | FuturesOps.ts,test/resources/FuturesTrading.test.ts | FuturesAccount.test.ts | FuturesMarket.test.ts | FuturesData.test.ts | FuturesOps.test.ts,Covered,P2,
USDⓈ-M Futures,GET,/futures/data/globalLongShortAccountRatio,public,client.futures.data,globalLongShortAccountRatio,src/registry/usdm.endpoints.ts,src/resources/FuturesTrading.ts | FuturesAccount.ts | FuturesMarket.ts | FuturesData.ts | FuturesOps.ts,test/resources/FuturesTrading.test.ts | FuturesAccount.test.ts | FuturesMarket.test.ts | FuturesData.test.ts | FuturesOps.test.ts,Covered,P2,
USDⓈ-M Futures,GET,/futures/data/takerlongshortRatio,public,client.futures.data,takerLongShortRatio,src/registry/usdm.endpoints.ts,src/resources/FuturesTrading.ts | FuturesAccount.ts | FuturesMarket.ts | FuturesData.ts | FuturesOps.ts,test/resources/FuturesTrading.test.ts | FuturesAccount.test.ts | FuturesMarket.test.ts | FuturesData.test.ts | FuturesOps.test.ts,Covered,P2,
USDⓈ-M Futures,GET,/futures/data/basis,public,client.futures.data,basis,src/registry/usdm.endpoints.ts,src/resources/FuturesTrading.ts | FuturesAccount.ts | FuturesMarket.ts | FuturesData.ts | FuturesOps.ts,test/resources/FuturesTrading.test.ts | FuturesAccount.test.ts | FuturesMarket.test.ts | FuturesData.test.ts | FuturesOps.test.ts,Covered,P2,
USDⓈ-M Futures,GET,/fapi/v1/insuranceBalance,public,client.futures.data,insuranceFundBalance,src/registry/usdm.endpoints.ts,src/resources/FuturesTrading.ts | FuturesAccount.ts | FuturesMarket.ts | FuturesData.ts | FuturesOps.ts,test/resources/FuturesTrading.test.ts | FuturesAccount.test.ts | FuturesMarket.test.ts | FuturesData.test.ts | FuturesOps.test.ts,Covered,P2,
USDⓈ-M Futures,GET,/futures/data/delivery-price,public,client.futures.data,deliveryPrice,src/registry/usdm.endpoints.ts,src/resources/FuturesTrading.ts | FuturesAccount.ts | FuturesMarket.ts | FuturesData.ts | FuturesOps.ts,test/resources/FuturesTrading.test.ts | FuturesAccount.test.ts | FuturesMarket.test.ts | FuturesData.test.ts | FuturesOps.test.ts,Covered,P2,
USDⓈ-M Futures,GET,/fapi/v1/fundingInfo,public,client.futures.data,fundingInfo,src/registry/usdm.endpoints.ts,src/resources/FuturesTrading.ts | FuturesAccount.ts | FuturesMarket.ts | FuturesData.ts | FuturesOps.ts,test/resources/FuturesTrading.test.ts | FuturesAccount.test.ts | FuturesMarket.test.ts | FuturesData.test.ts | FuturesOps.test.ts,Covered,P2,
USDⓈ-M Futures,GET,/fapi/v1/assetIndex,public,client.futures.data,assetIndex,src/registry/usdm.endpoints.ts,src/resources/FuturesTrading.ts | FuturesAccount.ts | FuturesMarket.ts | FuturesData.ts | FuturesOps.ts,test/resources/FuturesTrading.test.ts | FuturesAccount.test.ts | FuturesMarket.test.ts | FuturesData.test.ts | FuturesOps.test.ts,Covered,P2,
USDⓈ-M Futures,GET,/fapi/v1/indexInfo,public,client.futures.data,compositeIndexInfo,src/registry/usdm.endpoints.ts,src/resources/FuturesTrading.ts | FuturesAccount.ts | FuturesMarket.ts | FuturesData.ts | FuturesOps.ts,test/resources/FuturesTrading.test.ts | FuturesAccount.test.ts | FuturesMarket.test.ts | FuturesData.test.ts | FuturesOps.test.ts,Covered,P2,
USDⓈ-M Futures,GET,/fapi/v1/adlQuantile,signed,client.futures.data,adlQuantile,src/registry/usdm.endpoints.ts,src/resources/FuturesTrading.ts | FuturesAccount.ts | FuturesMarket.ts | FuturesData.ts | FuturesOps.ts,test/resources/FuturesTrading.test.ts | FuturesAccount.test.ts | FuturesMarket.test.ts | FuturesData.test.ts | FuturesOps.test.ts,Covered,P2,
USDⓈ-M Futures,GET,/fapi/v1/lvtKlines,public,client.futures.data,blvtInfo,src/registry/usdm.endpoints.ts,src/resources/FuturesTrading.ts | FuturesAccount.ts | FuturesMarket.ts | FuturesData.ts | FuturesOps.ts,test/resources/FuturesTrading.test.ts | FuturesAccount.test.ts | FuturesMarket.test.ts | FuturesData.test.ts | FuturesOps.test.ts,Covered (extra),P2,Implemented in registry but NOT in uploaded 95-endpoint collection.
USDⓈ-M Futures,GET,/fapi/v1/constituents,public,client.futures.data,indexPriceConstituents,src/registry/usdm.endpoints.ts,src/resources/FuturesTrading.ts | FuturesAccount.ts | FuturesMarket.ts | FuturesData.ts | FuturesOps.ts,test/resources/FuturesTrading.test.ts | FuturesAccount.test.ts | FuturesMarket.test.ts | FuturesData.test.ts | FuturesOps.test.ts,Covered,P2,
USDⓈ-M Futures,GET,/fapi/v1/symbolConfig,signed,client.futures.data,symbolConfig,src/registry/usdm.endpoints.ts,src/resources/FuturesTrading.ts | FuturesAccount.ts | FuturesMarket.ts | FuturesData.ts | FuturesOps.ts,test/resources/FuturesTrading.test.ts | FuturesAccount.test.ts | FuturesMarket.test.ts | FuturesData.test.ts | FuturesOps.test.ts,Covered,P2,
USDⓈ-M Futures,GET,/fapi/v1/forceOrders,signed,client.futures.data,forceOrders,src/registry/usdm.endpoints.ts,src/resources/FuturesTrading.ts | FuturesAccount.ts | FuturesMarket.ts | FuturesData.ts | FuturesOps.ts,test/resources/FuturesTrading.test.ts | FuturesAccount.test.ts | FuturesMarket.test.ts | FuturesData.test.ts | FuturesOps.test.ts,Covered,P2,
USDⓈ-M Futures,GET,/fapi/v1/pmExchangeInfo,public,client.futures.data,pmExchangeInfo,src/registry/usdm.endpoints.ts,src/resources/FuturesTrading.ts | FuturesAccount.ts | FuturesMarket.ts | FuturesData.ts | FuturesOps.ts,test/resources/FuturesTrading.test.ts | FuturesAccount.test.ts | FuturesMarket.test.ts | FuturesData.test.ts | FuturesOps.test.ts,Covered (extra),P2,Implemented in registry but NOT in uploaded 95-endpoint collection.
USDⓈ-M Futures,GET,/fapi/v1/delistSchedule,public,client.futures.data,delistSchedule,src/registry/usdm.endpoints.ts,src/resources/FuturesTrading.ts | FuturesAccount.ts | FuturesMarket.ts | FuturesData.ts | FuturesOps.ts,test/resources/FuturesTrading.test.ts | FuturesAccount.test.ts | FuturesMarket.test.ts | FuturesData.test.ts | FuturesOps.test.ts,Covered (extra),P2,Implemented in registry but NOT in uploaded 95-endpoint collection.
USDⓈ-M Futures,GET,/fapi/v1/symbolAdlRisk,public,client.futures.data,symbolAdlRisk,src/registry/usdm.endpoints.ts,src/resources/FuturesTrading.ts | FuturesAccount.ts | FuturesMarket.ts | FuturesData.ts | FuturesOps.ts,test/resources/FuturesTrading.test.ts | FuturesAccount.test.ts | FuturesMarket.test.ts | FuturesData.test.ts | FuturesOps.test.ts,Covered,P2,
USDⓈ-M Futures,GET,/fapi/v1/tradingSchedule,public,client.futures.market,tradingSchedule,src/registry/usdm.endpoints.ts,src/resources/FuturesTrading.ts | FuturesAccount.ts | FuturesMarket.ts | FuturesData.ts | FuturesOps.ts,test/resources/FuturesTrading.test.ts | FuturesAccount.test.ts | FuturesMarket.test.ts | FuturesData.test.ts | FuturesOps.test.ts,Covered,P2,
USDⓈ-M Futures,GET,/fapi/v2/balance,signed,client.futures.account,balance,src/registry/usdm.endpoints.ts,src/resources/FuturesTrading.ts | FuturesAccount.ts | FuturesMarket.ts | FuturesData.ts | FuturesOps.ts,test/resources/FuturesTrading.test.ts | FuturesAccount.test.ts | FuturesMarket.test.ts | FuturesData.test.ts | FuturesOps.test.ts,Covered,P2,
USDⓈ-M Futures,GET,/fapi/v2/account,signed,client.futures.account,account,src/registry/usdm.endpoints.ts,src/resources/FuturesTrading.ts | FuturesAccount.ts | FuturesMarket.ts | FuturesData.ts | FuturesOps.ts,test/resources/FuturesTrading.test.ts | FuturesAccount.test.ts | FuturesMarket.test.ts | FuturesData.test.ts | FuturesOps.test.ts,Covered,P2,
USDⓈ-M Futures,GET,/fapi/v2/positionRisk,signed,client.futures.account,positionRisk,src/registry/usdm.endpoints.ts,src/resources/FuturesTrading.ts | FuturesAccount.ts | FuturesMarket.ts | FuturesData.ts | FuturesOps.ts,test/resources/FuturesTrading.test.ts | FuturesAccount.test.ts | FuturesMarket.test.ts | FuturesData.test.ts | FuturesOps.test.ts,Covered,P2,
USDⓈ-M Futures,GET,/fapi/v3/balance,signed,client.futures.account,balanceV3,src/registry/usdm.endpoints.ts,src/resources/FuturesTrading.ts | FuturesAccount.ts | FuturesMarket.ts | FuturesData.ts | FuturesOps.ts,test/resources/FuturesTrading.test.ts | FuturesAccount.test.ts | FuturesMarket.test.ts | FuturesData.test.ts | FuturesOps.test.ts,Covered,P2,
USDⓈ-M Futures,GET,/fapi/v3/account,signed,client.futures.account,accountV3,src/registry/usdm.endpoints.ts,src/resources/FuturesTrading.ts | FuturesAccount.ts | FuturesMarket.ts | FuturesData.ts | FuturesOps.ts,test/resources/FuturesTrading.test.ts | FuturesAccount.test.ts | FuturesMarket.test.ts | FuturesData.test.ts | FuturesOps.test.ts,Covered,P2,
USDⓈ-M Futures,GET,/fapi/v3/positionRisk,signed,client.futures.account,positionRiskV3,src/registry/usdm.endpoints.ts,src/resources/FuturesTrading.ts | FuturesAccount.ts | FuturesMarket.ts | FuturesData.ts | FuturesOps.ts,test/resources/FuturesTrading.test.ts | FuturesAccount.test.ts | FuturesMarket.test.ts | FuturesData.test.ts | FuturesOps.test.ts,Covered,P2,
USDⓈ-M Futures,GET,/fapi/v1/income,signed,client.futures.account,incomeHistory,src/registry/usdm.endpoints.ts,src/resources/FuturesTrading.ts | FuturesAccount.ts | FuturesMarket.ts | FuturesData.ts | FuturesOps.ts,test/resources/FuturesTrading.test.ts | FuturesAccount.test.ts | FuturesMarket.test.ts | FuturesData.test.ts | FuturesOps.test.ts,Covered,P2,
USDⓈ-M Futures,GET,/fapi/v1/userTrades,signed,client.futures.account,userTrades,src/registry/usdm.endpoints.ts,src/resources/FuturesTrading.ts | FuturesAccount.ts | FuturesMarket.ts | FuturesData.ts | FuturesOps.ts,test/resources/FuturesTrading.test.ts | FuturesAccount.test.ts | FuturesMarket.test.ts | FuturesData.test.ts | FuturesOps.test.ts,Covered,P2,
USDⓈ-M Futures,GET,/fapi/v1/leverageBracket,signed,client.futures.account,leverageBrackets,src/registry/usdm.endpoints.ts,src/resources/FuturesTrading.ts | FuturesAccount.ts | FuturesMarket.ts | FuturesData.ts | FuturesOps.ts,test/resources/FuturesTrading.test.ts | FuturesAccount.test.ts | FuturesMarket.test.ts | FuturesData.test.ts | FuturesOps.test.ts,Covered,P2,
USDⓈ-M Futures,GET,/fapi/v1/commissionRate,signed,client.futures.account,getCommissionRate,src/registry/usdm.endpoints.ts,src/resources/FuturesTrading.ts | FuturesAccount.ts | FuturesMarket.ts | FuturesData.ts | FuturesOps.ts,test/resources/FuturesTrading.test.ts | FuturesAccount.test.ts | FuturesMarket.test.ts | FuturesData.test.ts | FuturesOps.test.ts,Covered,P2,
USDⓈ-M Futures,GET,/fapi/v1/multiAssetsMargin,signed,client.futures.account,multiAssetsMargin,src/registry/usdm.endpoints.ts,src/resources/FuturesTrading.ts | FuturesAccount.ts | FuturesMarket.ts | FuturesData.ts | FuturesOps.ts,test/resources/FuturesTrading.test.ts | FuturesAccount.test.ts | FuturesMarket.test.ts | FuturesData.test.ts | FuturesOps.test.ts,Covered,P2,
USDⓈ-M Futures,POST,/fapi/v1/multiAssetsMargin,signed,client.futures.account,setMultiAssetsMargin,src/registry/usdm.endpoints.ts,src/resources/FuturesTrading.ts | FuturesAccount.ts | FuturesMarket.ts | FuturesData.ts | FuturesOps.ts,test/resources/FuturesTrading.test.ts | FuturesAccount.test.ts | FuturesMarket.test.ts | FuturesData.test.ts | FuturesOps.test.ts,Covered,P2,
USDⓈ-M Futures,GET,/fapi/v1/feeBurn,signed,client.futures.account,feeBurnStatus,src/registry/usdm.endpoints.ts,src/resources/FuturesTrading.ts | FuturesAccount.ts | FuturesMarket.ts | FuturesData.ts | FuturesOps.ts,test/resources/FuturesTrading.test.ts | FuturesAccount.test.ts | FuturesMarket.test.ts | FuturesData.test.ts | FuturesOps.test.ts,Covered,P2,
USDⓈ-M Futures,POST,/fapi/v1/feeBurn,signed,client.futures.account,setFeeBurnStatus,src/registry/usdm.endpoints.ts,src/resources/FuturesTrading.ts | FuturesAccount.ts | FuturesMarket.ts | FuturesData.ts | FuturesOps.ts,test/resources/FuturesTrading.test.ts | FuturesAccount.test.ts | FuturesMarket.test.ts | FuturesData.test.ts | FuturesOps.test.ts,Covered,P2,
USDⓈ-M Futures,GET,/fapi/v1/positionSide/dual,signed,client.futures.account,positionMode,src/registry/usdm.endpoints.ts,src/resources/FuturesTrading.ts | FuturesAccount.ts | FuturesMarket.ts | FuturesData.ts | FuturesOps.ts,test/resources/FuturesTrading.test.ts | FuturesAccount.test.ts | FuturesMarket.test.ts | FuturesData.test.ts | FuturesOps.test.ts,Covered,P2,
USDⓈ-M Futures,POST,/fapi/v1/positionSide/dual,signed,client.futures.account,setPositionMode,src/registry/usdm.endpoints.ts,src/resources/FuturesTrading.ts | FuturesAccount.ts | FuturesMarket.ts | FuturesData.ts | FuturesOps.ts,test/resources/FuturesTrading.test.ts | FuturesAccount.test.ts | FuturesMarket.test.ts | FuturesData.test.ts | FuturesOps.test.ts,Covered,P2,
USDⓈ-M Futures,GET,/fapi/v1/apiTradingStatus,signed,client.futures.account,apiTradingStatus,src/registry/usdm.endpoints.ts,src/resources/FuturesTrading.ts | FuturesAccount.ts | FuturesMarket.ts | FuturesData.ts | FuturesOps.ts,test/resources/FuturesTrading.test.ts | FuturesAccount.test.ts | FuturesMarket.test.ts | FuturesData.test.ts | FuturesOps.test.ts,Covered,P2,
USDⓈ-M Futures,GET,/fapi/v1/positionMargin/history,signed,client.futures.account,getPositionMarginHistory,src/registry/usdm.endpoints.ts,src/resources/FuturesTrading.ts | FuturesAccount.ts | FuturesMarket.ts | FuturesData.ts | FuturesOps.ts,test/resources/FuturesTrading.test.ts | FuturesAccount.test.ts | FuturesMarket.test.ts | FuturesData.test.ts | FuturesOps.test.ts,Covered,P2,
USDⓈ-M Futures,GET,/fapi/v1/rateLimit/order,signed,client.futures.account,rateLimitOrder,src/registry/usdm.endpoints.ts,src/resources/FuturesTrading.ts | FuturesAccount.ts | FuturesMarket.ts | FuturesData.ts | FuturesOps.ts,test/resources/FuturesTrading.test.ts | FuturesAccount.test.ts | FuturesMarket.test.ts | FuturesData.test.ts | FuturesOps.test.ts,Covered,P2,
USDⓈ-M Futures,GET,/fapi/v1/accountConfig,signed,client.futures.account,getAccountConfig,src/registry/usdm.endpoints.ts,src/resources/FuturesTrading.ts | FuturesAccount.ts | FuturesMarket.ts | FuturesData.ts | FuturesOps.ts,test/resources/FuturesTrading.test.ts | FuturesAccount.test.ts | FuturesMarket.test.ts | FuturesData.test.ts | FuturesOps.test.ts,Covered,P2,
USDⓈ-M Futures,GET,/fapi/v1/pmAccountInfo,signed,client.futures.account,getPmAccountInfo,src/registry/usdm.endpoints.ts,src/resources/FuturesTrading.ts | FuturesAccount.ts | FuturesMarket.ts | FuturesData.ts | FuturesOps.ts,test/resources/FuturesTrading.test.ts | FuturesAccount.test.ts | FuturesMarket.test.ts | FuturesData.test.ts | FuturesOps.test.ts,Covered,P2,
USDⓈ-M Futures,GET,/fapi/v1/income/asyn,signed,client.futures.account,requestIncomeDownload,src/registry/usdm.endpoints.ts,src/resources/FuturesTrading.ts | FuturesAccount.ts | FuturesMarket.ts | FuturesData.ts | FuturesOps.ts,test/resources/FuturesTrading.test.ts | FuturesAccount.test.ts | FuturesMarket.test.ts | FuturesData.test.ts | FuturesOps.test.ts,Covered,P2,
USDⓈ-M Futures,GET,/fapi/v1/income/asyn/id,signed,client.futures.account,getIncomeDownloadStatus,src/registry/usdm.endpoints.ts,src/resources/FuturesTrading.ts | FuturesAccount.ts | FuturesMarket.ts | FuturesData.ts | FuturesOps.ts,test/resources/FuturesTrading.test.ts | FuturesAccount.test.ts | FuturesMarket.test.ts | FuturesData.test.ts | FuturesOps.test.ts,Covered,P2,
USDⓈ-M Futures,GET,/fapi/v1/order/asyn,signed,client.futures.account,requestOrderDownload,src/registry/usdm.endpoints.ts,src/resources/FuturesTrading.ts | FuturesAccount.ts | FuturesMarket.ts | FuturesData.ts | FuturesOps.ts,test/resources/FuturesTrading.test.ts | FuturesAccount.test.ts | FuturesMarket.test.ts | FuturesData.test.ts | FuturesOps.test.ts,Covered,P2,
USDⓈ-M Futures,GET,/fapi/v1/order/asyn/id,signed,client.futures.account,getOrderDownloadStatus,src/registry/usdm.endpoints.ts,src/resources/FuturesTrading.ts | FuturesAccount.ts | FuturesMarket.ts | FuturesData.ts | FuturesOps.ts,test/resources/FuturesTrading.test.ts | FuturesAccount.test.ts | FuturesMarket.test.ts | FuturesData.test.ts | FuturesOps.test.ts,Covered,P2,
USDⓈ-M Futures,GET,/fapi/v1/trade/asyn,signed,client.futures.account,requestTradeDownload,src/registry/usdm.endpoints.ts,src/resources/FuturesTrading.ts | FuturesAccount.ts | FuturesMarket.ts | FuturesData.ts | FuturesOps.ts,test/resources/FuturesTrading.test.ts | FuturesAccount.test.ts | FuturesMarket.test.ts | FuturesData.test.ts | FuturesOps.test.ts,Covered,P2,
USDⓈ-M Futures,GET,/fapi/v1/trade/asyn/id,signed,client.futures.account,getTradeDownloadStatus,src/registry/usdm.endpoints.ts,src/resources/FuturesTrading.ts | FuturesAccount.ts | FuturesMarket.ts | FuturesData.ts | FuturesOps.ts,test/resources/FuturesTrading.test.ts | FuturesAccount.test.ts | FuturesMarket.test.ts | FuturesData.test.ts | FuturesOps.test.ts,Covered,P2,
USDⓈ-M Futures,POST,/fapi/v1/leverage,signed,client.futures.trading,setLeverage,src/registry/usdm.endpoints.ts,src/resources/FuturesTrading.ts | FuturesAccount.ts | FuturesMarket.ts | FuturesData.ts | FuturesOps.ts,test/resources/FuturesTrading.test.ts | FuturesAccount.test.ts | FuturesMarket.test.ts | FuturesData.test.ts | FuturesOps.test.ts,Covered,P2,
USDⓈ-M Futures,POST,/fapi/v1/order,signed,client.futures.trading,createOrder,src/registry/usdm.endpoints.ts,src/resources/FuturesTrading.ts | FuturesAccount.ts | FuturesMarket.ts | FuturesData.ts | FuturesOps.ts,test/resources/FuturesTrading.test.ts | FuturesAccount.test.ts | FuturesMarket.test.ts | FuturesData.test.ts | FuturesOps.test.ts,Covered,P2,
USDⓈ-M Futures,POST,/fapi/v1/order/test,signed,client.futures.trading,createTestOrder,src/registry/usdm.endpoints.ts,src/resources/FuturesTrading.ts | FuturesAccount.ts | FuturesMarket.ts | FuturesData.ts | FuturesOps.ts,test/resources/FuturesTrading.test.ts | FuturesAccount.test.ts | FuturesMarket.test.ts | FuturesData.test.ts | FuturesOps.test.ts,Covered,P2,
USDⓈ-M Futures,GET,/fapi/v1/order,signed,client.futures.trading,getOrder,src/registry/usdm.endpoints.ts,src/resources/FuturesTrading.ts | FuturesAccount.ts | FuturesMarket.ts | FuturesData.ts | FuturesOps.ts,test/resources/FuturesTrading.test.ts | FuturesAccount.test.ts | FuturesMarket.test.ts | FuturesData.test.ts | FuturesOps.test.ts,Covered,P2,
USDⓈ-M Futures,DELETE,/fapi/v1/order,signed,client.futures.trading,cancelOrder,src/registry/usdm.endpoints.ts,src/resources/FuturesTrading.ts | FuturesAccount.ts | FuturesMarket.ts | FuturesData.ts | FuturesOps.ts,test/resources/FuturesTrading.test.ts | FuturesAccount.test.ts | FuturesMarket.test.ts | FuturesData.test.ts | FuturesOps.test.ts,Covered,P2,
USDⓈ-M Futures,GET,/fapi/v1/openOrder,signed,client.futures.trading,getCurrentOrder,src/registry/usdm.endpoints.ts,src/resources/FuturesTrading.ts | FuturesAccount.ts | FuturesMarket.ts | FuturesData.ts | FuturesOps.ts,test/resources/FuturesTrading.test.ts | FuturesAccount.test.ts | FuturesMarket.test.ts | FuturesData.test.ts | FuturesOps.test.ts,Covered,P2,
USDⓈ-M Futures,GET,/fapi/v1/openOrders,signed,client.futures.trading,getOpenOrders,src/registry/usdm.endpoints.ts,src/resources/FuturesTrading.ts | FuturesAccount.ts | FuturesMarket.ts | FuturesData.ts | FuturesOps.ts,test/resources/FuturesTrading.test.ts | FuturesAccount.test.ts | FuturesMarket.test.ts | FuturesData.test.ts | FuturesOps.test.ts,Covered,P2,
USDⓈ-M Futures,GET,/fapi/v1/allOrders,signed,client.futures.trading,getAllOrders,src/registry/usdm.endpoints.ts,src/resources/FuturesTrading.ts | FuturesAccount.ts | FuturesMarket.ts | FuturesData.ts | FuturesOps.ts,test/resources/FuturesTrading.test.ts | FuturesAccount.test.ts | FuturesMarket.test.ts | FuturesData.test.ts | FuturesOps.test.ts,Covered,P2,
USDⓈ-M Futures,DELETE,/fapi/v1/allOpenOrders,signed,client.futures.trading,cancelAllOpenOrders,src/registry/usdm.endpoints.ts,src/resources/FuturesTrading.ts | FuturesAccount.ts | FuturesMarket.ts | FuturesData.ts | FuturesOps.ts,test/resources/FuturesTrading.test.ts | FuturesAccount.test.ts | FuturesMarket.test.ts | FuturesData.test.ts | FuturesOps.test.ts,Covered,P2,
USDⓈ-M Futures,PUT,/fapi/v1/order,signed,client.futures.trading,modifyOrder,src/registry/usdm.endpoints.ts,src/resources/FuturesTrading.ts | FuturesAccount.ts | FuturesMarket.ts | FuturesData.ts | FuturesOps.ts,test/resources/FuturesTrading.test.ts | FuturesAccount.test.ts | FuturesMarket.test.ts | FuturesData.test.ts | FuturesOps.test.ts,Covered,P2,
USDⓈ-M Futures,POST,/fapi/v1/batchOrders,signed,client.futures.trading,createBatchOrders,src/registry/usdm.endpoints.ts,src/resources/FuturesTrading.ts | FuturesAccount.ts | FuturesMarket.ts | FuturesData.ts | FuturesOps.ts,test/resources/FuturesTrading.test.ts | FuturesAccount.test.ts | FuturesMarket.test.ts | FuturesData.test.ts | FuturesOps.test.ts,Covered,P2,
USDⓈ-M Futures,PUT,/fapi/v1/batchOrders,signed,client.futures.trading,modifyBatchOrders,src/registry/usdm.endpoints.ts,src/resources/FuturesTrading.ts | FuturesAccount.ts | FuturesMarket.ts | FuturesData.ts | FuturesOps.ts,test/resources/FuturesTrading.test.ts | FuturesAccount.test.ts | FuturesMarket.test.ts | FuturesData.test.ts | FuturesOps.test.ts,Covered,P2,
USDⓈ-M Futures,DELETE,/fapi/v1/batchOrders,signed,client.futures.trading,cancelBatchOrders,src/registry/usdm.endpoints.ts,src/resources/FuturesTrading.ts | FuturesAccount.ts | FuturesMarket.ts | FuturesData.ts | FuturesOps.ts,test/resources/FuturesTrading.test.ts | FuturesAccount.test.ts | FuturesMarket.test.ts | FuturesData.test.ts | FuturesOps.test.ts,Covered,P2,
USDⓈ-M Futures,GET,/fapi/v1/orderAmendment,signed,client.futures.trading,getOrderModifyHistory,src/registry/usdm.endpoints.ts,src/resources/FuturesTrading.ts | FuturesAccount.ts | FuturesMarket.ts | FuturesData.ts | FuturesOps.ts,test/resources/FuturesTrading.test.ts | FuturesAccount.test.ts | FuturesMarket.test.ts | FuturesData.test.ts | FuturesOps.test.ts,Covered,P2,
USDⓈ-M Futures,POST,/fapi/v1/marginType,signed,client.futures.trading,setMarginType,src/registry/usdm.endpoints.ts,src/resources/FuturesTrading.ts | FuturesAccount.ts | FuturesMarket.ts | FuturesData.ts | FuturesOps.ts,test/resources/FuturesTrading.test.ts | FuturesAccount.test.ts | FuturesMarket.test.ts | FuturesData.test.ts | FuturesOps.test.ts,Covered,P2,
USDⓈ-M Futures,POST,/fapi/v1/positionMargin,signed,client.futures.trading,modifyPositionMargin,src/registry/usdm.endpoints.ts,src/resources/FuturesTrading.ts | FuturesAccount.ts | FuturesMarket.ts | FuturesData.ts | FuturesOps.ts,test/resources/FuturesTrading.test.ts | FuturesAccount.test.ts | FuturesMarket.test.ts | FuturesData.test.ts | FuturesOps.test.ts,Covered,P2,
USDⓈ-M Futures,POST,/fapi/v1/countdownCancelAll,signed,client.futures.trading,setCountdownCancelAll,src/registry/usdm.endpoints.ts,src/resources/FuturesTrading.ts | FuturesAccount.ts | FuturesMarket.ts | FuturesData.ts | FuturesOps.ts,test/resources/FuturesTrading.test.ts | FuturesAccount.test.ts | FuturesMarket.test.ts | FuturesData.test.ts | FuturesOps.test.ts,Covered,P2,
USDⓈ-M Futures,POST,/fapi/v1/algoOrder,signed,client.futures.trading,createAlgoOrder,src/registry/usdm.endpoints.ts,src/resources/FuturesTrading.ts | FuturesAccount.ts | FuturesMarket.ts | FuturesData.ts | FuturesOps.ts,test/resources/FuturesTrading.test.ts | FuturesAccount.test.ts | FuturesMarket.test.ts | FuturesData.test.ts | FuturesOps.test.ts,Covered,P2,
USDⓈ-M Futures,DELETE,/fapi/v1/algoOrder,signed,client.futures.trading,cancelAlgoOrder,src/registry/usdm.endpoints.ts,src/resources/FuturesTrading.ts | FuturesAccount.ts | FuturesMarket.ts | FuturesData.ts | FuturesOps.ts,test/resources/FuturesTrading.test.ts | FuturesAccount.test.ts | FuturesMarket.test.ts | FuturesData.test.ts | FuturesOps.test.ts,Covered,P2,
USDⓈ-M Futures,DELETE,/fapi/v1/algoOpenOrders,signed,client.futures.trading,cancelAllOpenAlgoOrders,src/registry/usdm.endpoints.ts,src/resources/FuturesTrading.ts | FuturesAccount.ts | FuturesMarket.ts | FuturesData.ts | FuturesOps.ts,test/resources/FuturesTrading.test.ts | FuturesAccount.test.ts | FuturesMarket.test.ts | FuturesData.test.ts | FuturesOps.test.ts,Covered,P2,
USDⓈ-M Futures,GET,/fapi/v1/algoOrder,signed,client.futures.trading,getAlgoOrder,src/registry/usdm.endpoints.ts,src/resources/FuturesTrading.ts | FuturesAccount.ts | FuturesMarket.ts | FuturesData.ts | FuturesOps.ts,test/resources/FuturesTrading.test.ts | FuturesAccount.test.ts | FuturesMarket.test.ts | FuturesData.test.ts | FuturesOps.test.ts,Covered,P2,
USDⓈ-M Futures,GET,/fapi/v1/openAlgoOrders,signed,client.futures.trading,getOpenAlgoOrders,src/registry/usdm.endpoints.ts,src/resources/FuturesTrading.ts | FuturesAccount.ts | FuturesMarket.ts | FuturesData.ts | FuturesOps.ts,test/resources/FuturesTrading.test.ts | FuturesAccount.test.ts | FuturesMarket.test.ts | FuturesData.test.ts | FuturesOps.test.ts,Covered,P2,
USDⓈ-M Futures,GET,/fapi/v1/allAlgoOrders,signed,client.futures.trading,getAllAlgoOrders,src/registry/usdm.endpoints.ts,src/resources/FuturesTrading.ts | FuturesAccount.ts | FuturesMarket.ts | FuturesData.ts | FuturesOps.ts,test/resources/FuturesTrading.test.ts | FuturesAccount.test.ts | FuturesMarket.test.ts | FuturesData.test.ts | FuturesOps.test.ts,Covered,P2,
USDⓈ-M Futures,GET,/fapi/v1/convert/exchangeInfo,public,client.futures.trading,convertExchangeInfo,src/registry/usdm.endpoints.ts,src/resources/FuturesTrading.ts | FuturesAccount.ts | FuturesMarket.ts | FuturesData.ts | FuturesOps.ts,test/resources/FuturesTrading.test.ts | FuturesAccount.test.ts | FuturesMarket.test.ts | FuturesData.test.ts | FuturesOps.test.ts,Covered,P2,
USDⓈ-M Futures,POST,/fapi/v1/convert/getQuote,signed,client.futures.trading,convertGetQuote,src/registry/usdm.endpoints.ts,src/resources/FuturesTrading.ts | FuturesAccount.ts | FuturesMarket.ts | FuturesData.ts | FuturesOps.ts,test/resources/FuturesTrading.test.ts | FuturesAccount.test.ts | FuturesMarket.test.ts | FuturesData.test.ts | FuturesOps.test.ts,Covered,P2,
USDⓈ-M Futures,POST,/fapi/v1/convert/acceptQuote,signed,client.futures.trading,convertAcceptQuote,src/registry/usdm.endpoints.ts,src/resources/FuturesTrading.ts | FuturesAccount.ts | FuturesMarket.ts | FuturesData.ts | FuturesOps.ts,test/resources/FuturesTrading.test.ts | FuturesAccount.test.ts | FuturesMarket.test.ts | FuturesData.test.ts | FuturesOps.test.ts,Covered,P2,
USDⓈ-M Futures,GET,/fapi/v1/convert/orderStatus,signed,client.futures.trading,convertOrderStatus,src/registry/usdm.endpoints.ts,src/resources/FuturesTrading.ts | FuturesAccount.ts | FuturesMarket.ts | FuturesData.ts | FuturesOps.ts,test/resources/FuturesTrading.test.ts | FuturesAccount.test.ts | FuturesMarket.test.ts | FuturesData.test.ts | FuturesOps.test.ts,Covered,P2,
USDⓈ-M Futures,POST,/fapi/v1/listenKey,apiKey,client.futures.userStream,createListenKey,src/registry/usdm.endpoints.ts,src/resources/FuturesTrading.ts | FuturesAccount.ts | FuturesMarket.ts | FuturesData.ts | FuturesOps.ts,test/resources/FuturesTrading.test.ts | FuturesAccount.test.ts | FuturesMarket.test.ts | FuturesData.test.ts | FuturesOps.test.ts,Covered,P2,
USDⓈ-M Futures,PUT,/fapi/v1/listenKey,apiKey,client.futures.userStream,keepAliveListenKey,src/registry/usdm.endpoints.ts,src/resources/FuturesTrading.ts | FuturesAccount.ts | FuturesMarket.ts | FuturesData.ts | FuturesOps.ts,test/resources/FuturesTrading.test.ts | FuturesAccount.test.ts | FuturesMarket.test.ts | FuturesData.test.ts | FuturesOps.test.ts,Covered,P2,
USDⓈ-M Futures,DELETE,/fapi/v1/listenKey,apiKey,client.futures.userStream,closeListenKey,src/registry/usdm.endpoints.ts,src/resources/FuturesTrading.ts | FuturesAccount.ts | FuturesMarket.ts | FuturesData.ts | FuturesOps.ts,test/resources/FuturesTrading.test.ts | FuturesAccount.test.ts | FuturesMarket.test.ts | FuturesData.test.ts | FuturesOps.test.ts,Covered,P2,
USDⓈ-M Futures,POST,/fapi/v1/stock/contract,signed,client.futures.trading,createStockContractOrder,src/registry/usdm.endpoints.ts (append row),src/resources/FuturesTrading.ts | FuturesAccount.ts | FuturesMarket.ts | FuturesData.ts | FuturesOps.ts,test/resources/FuturesTrading.test.ts | FuturesAccount.test.ts | FuturesMarket.test.ts | FuturesData.test.ts | FuturesOps.test.ts,Missing,P0,Futures TradFi Perps Contract — single endpoint gap in USDⓈ-M surface.
COIN-M Futures,GET,/dapi/v1/ping,public,client.coinm.market,ping,src/registry/coinm.endpoints.ts,src/resources/CoinMTrading.ts | CoinMAccount.ts | CoinMMarket.ts | CoinMUserDataStream.ts,test/resources/CoinMTrading.test.ts | CoinMAccount.test.ts | CoinMMarket.test.ts | CoinMUserDataStream.test.ts,Covered,P2,
COIN-M Futures,GET,/dapi/v1/time,public,client.coinm.market,serverTime,src/registry/coinm.endpoints.ts,src/resources/CoinMTrading.ts | CoinMAccount.ts | CoinMMarket.ts | CoinMUserDataStream.ts,test/resources/CoinMTrading.test.ts | CoinMAccount.test.ts | CoinMMarket.test.ts | CoinMUserDataStream.test.ts,Covered,P2,
COIN-M Futures,GET,/dapi/v1/exchangeInfo,public,client.coinm.market,exchangeInfo,src/registry/coinm.endpoints.ts,src/resources/CoinMTrading.ts | CoinMAccount.ts | CoinMMarket.ts | CoinMUserDataStream.ts,test/resources/CoinMTrading.test.ts | CoinMAccount.test.ts | CoinMMarket.test.ts | CoinMUserDataStream.test.ts,Covered,P2,
COIN-M Futures,GET,/dapi/v1/depth,public,client.coinm.market,depth,src/registry/coinm.endpoints.ts,src/resources/CoinMTrading.ts | CoinMAccount.ts | CoinMMarket.ts | CoinMUserDataStream.ts,test/resources/CoinMTrading.test.ts | CoinMAccount.test.ts | CoinMMarket.test.ts | CoinMUserDataStream.test.ts,Covered,P2,
COIN-M Futures,GET,/dapi/v1/trades,public,client.coinm.market,trades,src/registry/coinm.endpoints.ts,src/resources/CoinMTrading.ts | CoinMAccount.ts | CoinMMarket.ts | CoinMUserDataStream.ts,test/resources/CoinMTrading.test.ts | CoinMAccount.test.ts | CoinMMarket.test.ts | CoinMUserDataStream.test.ts,Covered,P2,
COIN-M Futures,GET,/dapi/v1/historicalTrades,apiKey,client.coinm.market,historicalTrades,src/registry/coinm.endpoints.ts,src/resources/CoinMTrading.ts | CoinMAccount.ts | CoinMMarket.ts | CoinMUserDataStream.ts,test/resources/CoinMTrading.test.ts | CoinMAccount.test.ts | CoinMMarket.test.ts | CoinMUserDataStream.test.ts,Covered,P2,
COIN-M Futures,GET,/dapi/v1/aggTrades,public,client.coinm.market,aggTrades,src/registry/coinm.endpoints.ts,src/resources/CoinMTrading.ts | CoinMAccount.ts | CoinMMarket.ts | CoinMUserDataStream.ts,test/resources/CoinMTrading.test.ts | CoinMAccount.test.ts | CoinMMarket.test.ts | CoinMUserDataStream.test.ts,Covered,P2,
COIN-M Futures,GET,/dapi/v1/klines,public,client.coinm.market,klines,src/registry/coinm.endpoints.ts,src/resources/CoinMTrading.ts | CoinMAccount.ts | CoinMMarket.ts | CoinMUserDataStream.ts,test/resources/CoinMTrading.test.ts | CoinMAccount.test.ts | CoinMMarket.test.ts | CoinMUserDataStream.test.ts,Covered,P2,
COIN-M Futures,GET,/dapi/v1/ticker/24hr,public,client.coinm.market,ticker24hr,src/registry/coinm.endpoints.ts,src/resources/CoinMTrading.ts | CoinMAccount.ts | CoinMMarket.ts | CoinMUserDataStream.ts,test/resources/CoinMTrading.test.ts | CoinMAccount.test.ts | CoinMMarket.test.ts | CoinMUserDataStream.test.ts,Covered,P2,
COIN-M Futures,GET,/dapi/v1/ticker/price,public,client.coinm.market,tickerPrice,src/registry/coinm.endpoints.ts,src/resources/CoinMTrading.ts | CoinMAccount.ts | CoinMMarket.ts | CoinMUserDataStream.ts,test/resources/CoinMTrading.test.ts | CoinMAccount.test.ts | CoinMMarket.test.ts | CoinMUserDataStream.test.ts,Covered,P2,
COIN-M Futures,GET,/dapi/v1/ticker/bookTicker,public,client.coinm.market,bookTicker,src/registry/coinm.endpoints.ts,src/resources/CoinMTrading.ts | CoinMAccount.ts | CoinMMarket.ts | CoinMUserDataStream.ts,test/resources/CoinMTrading.test.ts | CoinMAccount.test.ts | CoinMMarket.test.ts | CoinMUserDataStream.test.ts,Covered,P2,
COIN-M Futures,GET,/dapi/v1/continuousKlines,public,client.coinm.market,continuousKlines,src/registry/coinm.endpoints.ts,src/resources/CoinMTrading.ts | CoinMAccount.ts | CoinMMarket.ts | CoinMUserDataStream.ts,test/resources/CoinMTrading.test.ts | CoinMAccount.test.ts | CoinMMarket.test.ts | CoinMUserDataStream.test.ts,Covered,P2,
COIN-M Futures,GET,/dapi/v1/indexPriceKlines,public,client.coinm.market,indexPriceKlines,src/registry/coinm.endpoints.ts,src/resources/CoinMTrading.ts | CoinMAccount.ts | CoinMMarket.ts | CoinMUserDataStream.ts,test/resources/CoinMTrading.test.ts | CoinMAccount.test.ts | CoinMMarket.test.ts | CoinMUserDataStream.test.ts,Covered,P2,
COIN-M Futures,GET,/dapi/v1/markPriceKlines,public,client.coinm.market,markPriceKlines,src/registry/coinm.endpoints.ts,src/resources/CoinMTrading.ts | CoinMAccount.ts | CoinMMarket.ts | CoinMUserDataStream.ts,test/resources/CoinMTrading.test.ts | CoinMAccount.test.ts | CoinMMarket.test.ts | CoinMUserDataStream.test.ts,Covered,P2,
COIN-M Futures,GET,/dapi/v1/premiumIndex,public,client.coinm.market,premiumIndex,src/registry/coinm.endpoints.ts,src/resources/CoinMTrading.ts | CoinMAccount.ts | CoinMMarket.ts | CoinMUserDataStream.ts,test/resources/CoinMTrading.test.ts | CoinMAccount.test.ts | CoinMMarket.test.ts | CoinMUserDataStream.test.ts,Covered,P2,
COIN-M Futures,GET,/dapi/v1/fundingRate,public,client.coinm.market,fundingRateHistory,src/registry/coinm.endpoints.ts,src/resources/CoinMTrading.ts | CoinMAccount.ts | CoinMMarket.ts | CoinMUserDataStream.ts,test/resources/CoinMTrading.test.ts | CoinMAccount.test.ts | CoinMMarket.test.ts | CoinMUserDataStream.test.ts,Covered,P2,
COIN-M Futures,GET,/dapi/v1/openInterest,public,client.coinm.market,openInterest,src/registry/coinm.endpoints.ts,src/resources/CoinMTrading.ts | CoinMAccount.ts | CoinMMarket.ts | CoinMUserDataStream.ts,test/resources/CoinMTrading.test.ts | CoinMAccount.test.ts | CoinMMarket.test.ts | CoinMUserDataStream.test.ts,Covered,P2,
COIN-M Futures,GET,/futures/data/openInterestHist,public,client.coinm.market,openInterestHist,src/registry/coinm.endpoints.ts,src/resources/CoinMTrading.ts | CoinMAccount.ts | CoinMMarket.ts | CoinMUserDataStream.ts,test/resources/CoinMTrading.test.ts | CoinMAccount.test.ts | CoinMMarket.test.ts | CoinMUserDataStream.test.ts,Covered,P2,
COIN-M Futures,GET,/dapi/v1/balance,signed,client.coinm.account,balance,src/registry/coinm.endpoints.ts,src/resources/CoinMTrading.ts | CoinMAccount.ts | CoinMMarket.ts | CoinMUserDataStream.ts,test/resources/CoinMTrading.test.ts | CoinMAccount.test.ts | CoinMMarket.test.ts | CoinMUserDataStream.test.ts,Covered,P2,
COIN-M Futures,GET,/dapi/v1/account,signed,client.coinm.account,account,src/registry/coinm.endpoints.ts,src/resources/CoinMTrading.ts | CoinMAccount.ts | CoinMMarket.ts | CoinMUserDataStream.ts,test/resources/CoinMTrading.test.ts | CoinMAccount.test.ts | CoinMMarket.test.ts | CoinMUserDataStream.test.ts,Covered,P2,
COIN-M Futures,GET,/dapi/v1/positionRisk,signed,client.coinm.account,positionRisk,src/registry/coinm.endpoints.ts,src/resources/CoinMTrading.ts | CoinMAccount.ts | CoinMMarket.ts | CoinMUserDataStream.ts,test/resources/CoinMTrading.test.ts | CoinMAccount.test.ts | CoinMMarket.test.ts | CoinMUserDataStream.test.ts,Covered,P2,
COIN-M Futures,GET,/dapi/v1/income,signed,client.coinm.account,incomeHistory,src/registry/coinm.endpoints.ts,src/resources/CoinMTrading.ts | CoinMAccount.ts | CoinMMarket.ts | CoinMUserDataStream.ts,test/resources/CoinMTrading.test.ts | CoinMAccount.test.ts | CoinMMarket.test.ts | CoinMUserDataStream.test.ts,Covered,P2,
COIN-M Futures,GET,/dapi/v1/userTrades,signed,client.coinm.account,userTrades,src/registry/coinm.endpoints.ts,src/resources/CoinMTrading.ts | CoinMAccount.ts | CoinMMarket.ts | CoinMUserDataStream.ts,test/resources/CoinMTrading.test.ts | CoinMAccount.test.ts | CoinMMarket.test.ts | CoinMUserDataStream.test.ts,Covered,P2,
COIN-M Futures,GET,/dapi/v1/leverageBracket,signed,client.coinm.account,leverageBrackets,src/registry/coinm.endpoints.ts,src/resources/CoinMTrading.ts | CoinMAccount.ts | CoinMMarket.ts | CoinMUserDataStream.ts,test/resources/CoinMTrading.test.ts | CoinMAccount.test.ts | CoinMMarket.test.ts | CoinMUserDataStream.test.ts,Covered,P2,
COIN-M Futures,GET,/dapi/v1/commissionRate,signed,client.coinm.account,commissionRate,src/registry/coinm.endpoints.ts,src/resources/CoinMTrading.ts | CoinMAccount.ts | CoinMMarket.ts | CoinMUserDataStream.ts,test/resources/CoinMTrading.test.ts | CoinMAccount.test.ts | CoinMMarket.test.ts | CoinMUserDataStream.test.ts,Covered,P2,
COIN-M Futures,GET,/dapi/v1/positionSide/dual,signed,client.coinm.account,positionMode,src/registry/coinm.endpoints.ts,src/resources/CoinMTrading.ts | CoinMAccount.ts | CoinMMarket.ts | CoinMUserDataStream.ts,test/resources/CoinMTrading.test.ts | CoinMAccount.test.ts | CoinMMarket.test.ts | CoinMUserDataStream.test.ts,Covered,P2,
COIN-M Futures,POST,/dapi/v1/positionSide/dual,signed,client.coinm.account,setPositionMode,src/registry/coinm.endpoints.ts,src/resources/CoinMTrading.ts | CoinMAccount.ts | CoinMMarket.ts | CoinMUserDataStream.ts,test/resources/CoinMTrading.test.ts | CoinMAccount.test.ts | CoinMMarket.test.ts | CoinMUserDataStream.test.ts,Covered,P2,
COIN-M Futures,POST,/dapi/v1/leverage,signed,client.coinm.trading,setLeverage,src/registry/coinm.endpoints.ts,src/resources/CoinMTrading.ts | CoinMAccount.ts | CoinMMarket.ts | CoinMUserDataStream.ts,test/resources/CoinMTrading.test.ts | CoinMAccount.test.ts | CoinMMarket.test.ts | CoinMUserDataStream.test.ts,Covered,P2,
COIN-M Futures,POST,/dapi/v1/marginType,signed,client.coinm.trading,setMarginType,src/registry/coinm.endpoints.ts,src/resources/CoinMTrading.ts | CoinMAccount.ts | CoinMMarket.ts | CoinMUserDataStream.ts,test/resources/CoinMTrading.test.ts | CoinMAccount.test.ts | CoinMMarket.test.ts | CoinMUserDataStream.test.ts,Covered,P2,
COIN-M Futures,POST,/dapi/v1/order,signed,client.coinm.trading,createOrder,src/registry/coinm.endpoints.ts,src/resources/CoinMTrading.ts | CoinMAccount.ts | CoinMMarket.ts | CoinMUserDataStream.ts,test/resources/CoinMTrading.test.ts | CoinMAccount.test.ts | CoinMMarket.test.ts | CoinMUserDataStream.test.ts,Covered,P2,
COIN-M Futures,POST,/dapi/v1/order/test,signed,client.coinm.trading,createTestOrder,src/registry/coinm.endpoints.ts,src/resources/CoinMTrading.ts | CoinMAccount.ts | CoinMMarket.ts | CoinMUserDataStream.ts,test/resources/CoinMTrading.test.ts | CoinMAccount.test.ts | CoinMMarket.test.ts | CoinMUserDataStream.test.ts,Covered (extra),P2,Implemented in registry but NOT in uploaded 65-endpoint COIN-M collection.
COIN-M Futures,GET,/dapi/v1/order,signed,client.coinm.trading,getOrder,src/registry/coinm.endpoints.ts,src/resources/CoinMTrading.ts | CoinMAccount.ts | CoinMMarket.ts | CoinMUserDataStream.ts,test/resources/CoinMTrading.test.ts | CoinMAccount.test.ts | CoinMMarket.test.ts | CoinMUserDataStream.test.ts,Covered,P2,
COIN-M Futures,DELETE,/dapi/v1/order,signed,client.coinm.trading,cancelOrder,src/registry/coinm.endpoints.ts,src/resources/CoinMTrading.ts | CoinMAccount.ts | CoinMMarket.ts | CoinMUserDataStream.ts,test/resources/CoinMTrading.test.ts | CoinMAccount.test.ts | CoinMMarket.test.ts | CoinMUserDataStream.test.ts,Covered,P2,
COIN-M Futures,DELETE,/dapi/v1/allOpenOrders,signed,client.coinm.trading,cancelAllOpenOrders,src/registry/coinm.endpoints.ts,src/resources/CoinMTrading.ts | CoinMAccount.ts | CoinMMarket.ts | CoinMUserDataStream.ts,test/resources/CoinMTrading.test.ts | CoinMAccount.test.ts | CoinMMarket.test.ts | CoinMUserDataStream.test.ts,Covered,P2,
COIN-M Futures,GET,/dapi/v1/openOrders,signed,client.coinm.trading,getOpenOrders,src/registry/coinm.endpoints.ts,src/resources/CoinMTrading.ts | CoinMAccount.ts | CoinMMarket.ts | CoinMUserDataStream.ts,test/resources/CoinMTrading.test.ts | CoinMAccount.test.ts | CoinMMarket.test.ts | CoinMUserDataStream.test.ts,Covered,P2,
COIN-M Futures,GET,/dapi/v1/allOrders,signed,client.coinm.trading,getAllOrders,src/registry/coinm.endpoints.ts,src/resources/CoinMTrading.ts | CoinMAccount.ts | CoinMMarket.ts | CoinMUserDataStream.ts,test/resources/CoinMTrading.test.ts | CoinMAccount.test.ts | CoinMMarket.test.ts | CoinMUserDataStream.test.ts,Covered,P2,
COIN-M Futures,POST,/dapi/v1/positionMargin,signed,client.coinm.trading,modifyPositionMargin,src/registry/coinm.endpoints.ts,src/resources/CoinMTrading.ts | CoinMAccount.ts | CoinMMarket.ts | CoinMUserDataStream.ts,test/resources/CoinMTrading.test.ts | CoinMAccount.test.ts | CoinMMarket.test.ts | CoinMUserDataStream.test.ts,Covered,P2,
COIN-M Futures,POST,/dapi/v1/listenKey,apiKey,client.coinm.userStream,createListenKey,src/registry/coinm.endpoints.ts,src/resources/CoinMTrading.ts | CoinMAccount.ts | CoinMMarket.ts | CoinMUserDataStream.ts,test/resources/CoinMTrading.test.ts | CoinMAccount.test.ts | CoinMMarket.test.ts | CoinMUserDataStream.test.ts,Covered,P2,
COIN-M Futures,PUT,/dapi/v1/listenKey,apiKey,client.coinm.userStream,keepAliveListenKey,src/registry/coinm.endpoints.ts,src/resources/CoinMTrading.ts | CoinMAccount.ts | CoinMMarket.ts | CoinMUserDataStream.ts,test/resources/CoinMTrading.test.ts | CoinMAccount.test.ts | CoinMMarket.test.ts | CoinMUserDataStream.test.ts,Covered,P2,
COIN-M Futures,DELETE,/dapi/v1/listenKey,apiKey,client.coinm.userStream,closeListenKey,src/registry/coinm.endpoints.ts,src/resources/CoinMTrading.ts | CoinMAccount.ts | CoinMMarket.ts | CoinMUserDataStream.ts,test/resources/CoinMTrading.test.ts | CoinMAccount.test.ts | CoinMMarket.test.ts | CoinMUserDataStream.test.ts,Covered,P2,
COIN-M Futures,GET,/dapi/v1/income/asyn,signed,client.coinm.account,requestIncomeDownload,src/registry/coinm.endpoints.ts (append row),src/resources/CoinMTrading.ts | CoinMAccount.ts | CoinMMarket.ts | CoinMUserDataStream.ts,test/resources/CoinMTrading.test.ts | CoinMAccount.test.ts | CoinMMarket.test.ts | CoinMUserDataStream.test.ts,Missing,P1,Async income download request id.
COIN-M Futures,GET,/dapi/v1/income/asyn/id,signed,client.coinm.account,getIncomeDownloadStatus,src/registry/coinm.endpoints.ts (append row),src/resources/CoinMTrading.ts | CoinMAccount.ts | CoinMMarket.ts | CoinMUserDataStream.ts,test/resources/CoinMTrading.test.ts | CoinMAccount.test.ts | CoinMMarket.test.ts | CoinMUserDataStream.test.ts,Missing,P1,Async income download status.
COIN-M Futures,GET,/dapi/v1/order/asyn,signed,client.coinm.account,requestOrderDownload,src/registry/coinm.endpoints.ts (append row),src/resources/CoinMTrading.ts | CoinMAccount.ts | CoinMMarket.ts | CoinMUserDataStream.ts,test/resources/CoinMTrading.test.ts | CoinMAccount.test.ts | CoinMMarket.test.ts | CoinMUserDataStream.test.ts,Missing,P1,Async order download request id.
COIN-M Futures,GET,/dapi/v1/order/asyn/id,signed,client.coinm.account,getOrderDownloadStatus,src/registry/coinm.endpoints.ts (append row),src/resources/CoinMTrading.ts | CoinMAccount.ts | CoinMMarket.ts | CoinMUserDataStream.ts,test/resources/CoinMTrading.test.ts | CoinMAccount.test.ts | CoinMMarket.test.ts | CoinMUserDataStream.test.ts,Missing,P1,Async order download status.
COIN-M Futures,GET,/dapi/v1/trade/asyn,signed,client.coinm.account,requestTradeDownload,src/registry/coinm.endpoints.ts (append row),src/resources/CoinMTrading.ts | CoinMAccount.ts | CoinMMarket.ts | CoinMUserDataStream.ts,test/resources/CoinMTrading.test.ts | CoinMAccount.test.ts | CoinMMarket.test.ts | CoinMUserDataStream.test.ts,Missing,P1,Async trade download request id.
COIN-M Futures,GET,/dapi/v1/trade/asyn/id,signed,client.coinm.account,getTradeDownloadStatus,src/registry/coinm.endpoints.ts (append row),src/resources/CoinMTrading.ts | CoinMAccount.ts | CoinMMarket.ts | CoinMUserDataStream.ts,test/resources/CoinMTrading.test.ts | CoinMAccount.test.ts | CoinMMarket.test.ts | CoinMUserDataStream.test.ts,Missing,P1,Async trade download status.
COIN-M Futures,GET,/dapi/v2/leverageBracket,signed,client.coinm.account,leverageBracketsV2,src/registry/coinm.endpoints.ts (append row),src/resources/CoinMTrading.ts | CoinMAccount.ts | CoinMMarket.ts | CoinMUserDataStream.ts,test/resources/CoinMTrading.test.ts | CoinMAccount.test.ts | CoinMMarket.test.ts | CoinMUserDataStream.test.ts,Missing,P2,v2 leverage bracket surface.
COIN-M Futures,GET,/dapi/v1/adlQuantile,signed,client.coinm.trading,adlQuantile,src/registry/coinm.endpoints.ts (append row),src/resources/CoinMTrading.ts | CoinMAccount.ts | CoinMMarket.ts | CoinMUserDataStream.ts,test/resources/CoinMTrading.test.ts | CoinMAccount.test.ts | CoinMMarket.test.ts | CoinMUserDataStream.test.ts,Missing,P0,ADL position quantile (auto-deleveraging risk).
COIN-M Futures,POST,/dapi/v1/batchOrders,signed,client.coinm.trading,createBatchOrders,src/registry/coinm.endpoints.ts (append row),src/resources/CoinMTrading.ts | CoinMAccount.ts | CoinMMarket.ts | CoinMUserDataStream.ts,test/resources/CoinMTrading.test.ts | CoinMAccount.test.ts | CoinMMarket.test.ts | CoinMUserDataStream.test.ts,Missing,P0,COIN-M batch order placement (matching USDⓈ-M surface).
COIN-M Futures,PUT,/dapi/v1/batchOrders,signed,client.coinm.trading,modifyBatchOrders,src/registry/coinm.endpoints.ts (append row),src/resources/CoinMTrading.ts | CoinMAccount.ts | CoinMMarket.ts | CoinMUserDataStream.ts,test/resources/CoinMTrading.test.ts | CoinMAccount.test.ts | CoinMMarket.test.ts | CoinMUserDataStream.test.ts,Missing,P0,COIN-M batch order modification.
COIN-M Futures,DELETE,/dapi/v1/batchOrders,signed,client.coinm.trading,cancelBatchOrders,src/registry/coinm.endpoints.ts (append row),src/resources/CoinMTrading.ts | CoinMAccount.ts | CoinMMarket.ts | CoinMUserDataStream.ts,test/resources/CoinMTrading.test.ts | CoinMAccount.test.ts | CoinMMarket.test.ts | CoinMUserDataStream.test.ts,Missing,P0,COIN-M batch order cancellation.
COIN-M Futures,POST,/dapi/v1/countdownCancelAll,signed,client.coinm.trading,setCountdownCancelAll,src/registry/coinm.endpoints.ts (append row),src/resources/CoinMTrading.ts | CoinMAccount.ts | CoinMMarket.ts | CoinMUserDataStream.ts,test/resources/CoinMTrading.test.ts | CoinMAccount.test.ts | CoinMMarket.test.ts | CoinMUserDataStream.test.ts,Missing,P0,COIN-M countdown auto-cancel — critical risk primitive.
COIN-M Futures,GET,/dapi/v1/openOrder,signed,client.coinm.trading,getCurrentOrder,src/registry/coinm.endpoints.ts (append row),src/resources/CoinMTrading.ts | CoinMAccount.ts | CoinMMarket.ts | CoinMUserDataStream.ts,test/resources/CoinMTrading.test.ts | CoinMAccount.test.ts | CoinMMarket.test.ts | CoinMUserDataStream.test.ts,Missing,P1,"Fetch a single open order (single-symbol, single-order)."
COIN-M Futures,GET,/dapi/v1/orderAmendment,signed,client.coinm.trading,getOrderModifyHistory,src/registry/coinm.endpoints.ts (append row),src/resources/CoinMTrading.ts | CoinMAccount.ts | CoinMMarket.ts | CoinMUserDataStream.ts,test/resources/CoinMTrading.test.ts | CoinMAccount.test.ts | CoinMMarket.test.ts | CoinMUserDataStream.test.ts,Missing,P1,Order modification history.
COIN-M Futures,PUT,/dapi/v1/order,signed,client.coinm.trading,modifyOrder,src/registry/coinm.endpoints.ts (append row),src/resources/CoinMTrading.ts | CoinMAccount.ts | CoinMMarket.ts | CoinMUserDataStream.ts,test/resources/CoinMTrading.test.ts | CoinMAccount.test.ts | CoinMMarket.test.ts | CoinMUserDataStream.test.ts,Missing,P0,COIN-M order modify — IMPORTANT OMISSION per audit.
COIN-M Futures,GET,/dapi/v1/positionMargin/history,signed,client.coinm.account,getPositionMarginHistory,src/registry/coinm.endpoints.ts (append row),src/resources/CoinMTrading.ts | CoinMAccount.ts | CoinMMarket.ts | CoinMUserDataStream.ts,test/resources/CoinMTrading.test.ts | CoinMAccount.test.ts | CoinMMarket.test.ts | CoinMUserDataStream.test.ts,Missing,P1,Position margin change history.
COIN-M Futures,GET,/dapi/v1/pmAccountInfo,signed,client.coinm.account,getPmAccountInfo,src/registry/coinm.endpoints.ts (append row),src/resources/CoinMTrading.ts | CoinMAccount.ts | CoinMMarket.ts | CoinMUserDataStream.ts,test/resources/CoinMTrading.test.ts | CoinMAccount.test.ts | CoinMMarket.test.ts | CoinMUserDataStream.test.ts,Missing,P2,Portfolio Margin account info via COIN-M host.
COIN-M Futures,GET,/dapi/v1/forceOrders,signed,client.coinm.account,getForceOrders,src/registry/coinm.endpoints.ts (append row),src/resources/CoinMTrading.ts | CoinMAccount.ts | CoinMMarket.ts | CoinMUserDataStream.ts,test/resources/CoinMTrading.test.ts | CoinMAccount.test.ts | CoinMMarket.test.ts | CoinMUserDataStream.test.ts,Missing,P1,Liquidation order history.
COIN-M Futures,GET,/dapi/v1/constituents,public,client.coinm.market,getIndexPriceConstituents,src/registry/coinm.endpoints.ts (append row),src/resources/CoinMTrading.ts | CoinMAccount.ts | CoinMMarket.ts | CoinMUserDataStream.ts,test/resources/CoinMTrading.test.ts | CoinMAccount.test.ts | CoinMMarket.test.ts | CoinMUserDataStream.test.ts,Missing,P2,Index price constituents.
COIN-M Futures,GET,/dapi/v1/fundingInfo,public,client.coinm.market,getFundingInfo,src/registry/coinm.endpoints.ts (append row),src/resources/CoinMTrading.ts | CoinMAccount.ts | CoinMMarket.ts | CoinMUserDataStream.ts,test/resources/CoinMTrading.test.ts | CoinMAccount.test.ts | CoinMMarket.test.ts | CoinMUserDataStream.test.ts,Missing,P2,Funding rate info.
COIN-M Futures,GET,/dapi/v1/premiumIndexKlines,public,client.coinm.market,getPremiumIndexKlines,src/registry/coinm.endpoints.ts (append row),src/resources/CoinMTrading.ts | CoinMAccount.ts | CoinMMarket.ts | CoinMUserDataStream.ts,test/resources/CoinMTrading.test.ts | CoinMAccount.test.ts | CoinMMarket.test.ts | CoinMUserDataStream.test.ts,Missing,P2,Premium index klines.
COIN-M Futures,GET,/futures/data/basis,public,client.coinm.market,getBasis,src/registry/coinm.endpoints.ts (append row),src/resources/CoinMTrading.ts | CoinMAccount.ts | CoinMMarket.ts | CoinMUserDataStream.ts,test/resources/CoinMTrading.test.ts | CoinMAccount.test.ts | CoinMMarket.test.ts | CoinMUserDataStream.test.ts,Missing,P1,Basis analytics.
COIN-M Futures,GET,/futures/data/globalLongShortAccountRatio,public,client.coinm.market,getGlobalLongShortAccountRatio,src/registry/coinm.endpoints.ts (append row),src/resources/CoinMTrading.ts | CoinMAccount.ts | CoinMMarket.ts | CoinMUserDataStream.ts,test/resources/CoinMTrading.test.ts | CoinMAccount.test.ts | CoinMMarket.test.ts | CoinMUserDataStream.test.ts,Missing,P1,Global long/short ratio.
COIN-M Futures,GET,/futures/data/takerBuySellVol,public,client.coinm.market,getTakerBuySellVol,src/registry/coinm.endpoints.ts (append row),src/resources/CoinMTrading.ts | CoinMAccount.ts | CoinMMarket.ts | CoinMUserDataStream.ts,test/resources/CoinMTrading.test.ts | CoinMAccount.test.ts | CoinMMarket.test.ts | CoinMUserDataStream.test.ts,Missing,P1,Taker buy/sell volume.
COIN-M Futures,GET,/futures/data/topLongShortAccountRatio,public,client.coinm.market,getTopLongShortAccountRatio,src/registry/coinm.endpoints.ts (append row),src/resources/CoinMTrading.ts | CoinMAccount.ts | CoinMMarket.ts | CoinMUserDataStream.ts,test/resources/CoinMTrading.test.ts | CoinMAccount.test.ts | CoinMMarket.test.ts | CoinMUserDataStream.test.ts,Missing,P1,Top trader long/short account ratio.
COIN-M Futures,GET,/futures/data/topLongShortPositionRatio,public,client.coinm.market,getTopLongShortPositionRatio,src/registry/coinm.endpoints.ts (append row),src/resources/CoinMTrading.ts | CoinMAccount.ts | CoinMMarket.ts | CoinMUserDataStream.ts,test/resources/CoinMTrading.test.ts | CoinMAccount.test.ts | CoinMMarket.test.ts | CoinMUserDataStream.test.ts,Missing,P1,Top trader long/short position ratio.
Portfolio Margin,GET,/papi/v1/account,signed,client.portfolioMargin.account,getAccount,(new) src/registry/pm.endpoints.ts,(new) src/resources/PortfolioMargin.ts | PortfolioMarginUm.ts | PortfolioMarginCm.ts | PortfolioMarginMargin.ts | PortfolioMarginPortfolio.ts,(new) test/resources/PortfolioMargin.test.ts,Missing,P0,Unified PM account state.
Portfolio Margin,GET,/papi/v1/balance,signed,client.portfolioMargin.account,getBalances,(new) src/registry/pm.endpoints.ts,(new) src/resources/PortfolioMargin.ts | PortfolioMarginUm.ts | PortfolioMarginCm.ts | PortfolioMarginMargin.ts | PortfolioMarginPortfolio.ts,(new) test/resources/PortfolioMargin.test.ts,Missing,P0,Unified PM balances.
Portfolio Margin,GET,/papi/v1/asset-collection,signed,client.portfolioMargin.account,getAssetCollection,(new) src/registry/pm.endpoints.ts,(new) src/resources/PortfolioMargin.ts | PortfolioMarginUm.ts | PortfolioMarginCm.ts | PortfolioMarginMargin.ts | PortfolioMarginPortfolio.ts,(new) test/resources/PortfolioMargin.test.ts,Missing,P1,Asset collection state.
Portfolio Margin,POST,/papi/v1/auto-collection,signed,client.portfolioMargin.account,triggerAutoCollection,(new) src/registry/pm.endpoints.ts,(new) src/resources/PortfolioMargin.ts | PortfolioMarginUm.ts | PortfolioMarginCm.ts | PortfolioMarginMargin.ts | PortfolioMarginPortfolio.ts,(new) test/resources/PortfolioMargin.test.ts,Missing,P1,Trigger automatic asset collection.
Portfolio Margin,POST,/papi/v1/bnb-transfer,signed,client.portfolioMargin.account,transferBnb,(new) src/registry/pm.endpoints.ts,(new) src/resources/PortfolioMargin.ts | PortfolioMarginUm.ts | PortfolioMarginCm.ts | PortfolioMarginMargin.ts | PortfolioMarginPortfolio.ts,(new) test/resources/PortfolioMargin.test.ts,Missing,P1,BNB transfer for fee discounts.
Portfolio Margin,GET,/papi/v1/cm/account,signed,client.portfolioMargin.cm.account,getAccount,(new) src/registry/pm.endpoints.ts,(new) src/resources/PortfolioMargin.ts | PortfolioMarginUm.ts | PortfolioMarginCm.ts | PortfolioMarginMargin.ts | PortfolioMarginPortfolio.ts,(new) test/resources/PortfolioMargin.test.ts,Missing,P0,COIN-M account under PM.
Portfolio Margin,GET,/papi/v1/cm/balance,signed,client.portfolioMargin.cm.account,getBalances,(new) src/registry/pm.endpoints.ts,(new) src/resources/PortfolioMargin.ts | PortfolioMarginUm.ts | PortfolioMarginCm.ts | PortfolioMarginMargin.ts | PortfolioMarginPortfolio.ts,(new) test/resources/PortfolioMargin.test.ts,Missing,P0,COIN-M balances under PM.
Portfolio Margin,GET,/papi/v1/cm/leverageBracket,signed,client.portfolioMargin.cm.account,getLeverageBrackets,(new) src/registry/pm.endpoints.ts,(new) src/resources/PortfolioMargin.ts | PortfolioMarginUm.ts | PortfolioMarginCm.ts | PortfolioMarginMargin.ts | PortfolioMarginPortfolio.ts,(new) test/resources/PortfolioMargin.test.ts,Missing,P1,COIN-M leverage brackets.
Portfolio Margin,GET,/papi/v1/cm/income,signed,client.portfolioMargin.cm.account,getIncomeHistory,(new) src/registry/pm.endpoints.ts,(new) src/resources/PortfolioMargin.ts | PortfolioMarginUm.ts | PortfolioMarginCm.ts | PortfolioMarginMargin.ts | PortfolioMarginPortfolio.ts,(new) test/resources/PortfolioMargin.test.ts,Missing,P1,COIN-M income history.
Portfolio Margin,GET,/papi/v1/cm/income/asyn,signed,client.portfolioMargin.cm.account,requestIncomeDownload,(new) src/registry/pm.endpoints.ts,(new) src/resources/PortfolioMargin.ts | PortfolioMarginUm.ts | PortfolioMarginCm.ts | PortfolioMarginMargin.ts | PortfolioMarginPortfolio.ts,(new) test/resources/PortfolioMargin.test.ts,Missing,P2,Async income download request.
Portfolio Margin,GET,/papi/v1/cm/income/asyn/id,signed,client.portfolioMargin.cm.account,getIncomeDownloadStatus,(new) src/registry/pm.endpoints.ts,(new) src/resources/PortfolioMargin.ts | PortfolioMarginUm.ts | PortfolioMarginCm.ts | PortfolioMarginMargin.ts | PortfolioMarginPortfolio.ts,(new) test/resources/PortfolioMargin.test.ts,Missing,P2,Async income download status.
Portfolio Margin,POST,/papi/v1/cm/order,signed,client.portfolioMargin.cm.trading,createOrder,(new) src/registry/pm.endpoints.ts,(new) src/resources/PortfolioMargin.ts | PortfolioMarginUm.ts | PortfolioMarginCm.ts | PortfolioMarginMargin.ts | PortfolioMarginPortfolio.ts,(new) test/resources/PortfolioMargin.test.ts,Missing,P0,COIN-M order placement.
Portfolio Margin,POST,/papi/v1/cm/order/test,signed,client.portfolioMargin.cm.trading,createTestOrder,(new) src/registry/pm.endpoints.ts,(new) src/resources/PortfolioMargin.ts | PortfolioMarginUm.ts | PortfolioMarginCm.ts | PortfolioMarginMargin.ts | PortfolioMarginPortfolio.ts,(new) test/resources/PortfolioMargin.test.ts,Missing,P2,COIN-M order test.
Portfolio Margin,POST,/papi/v1/cm/batchOrders,signed,client.portfolioMargin.cm.trading,createBatchOrders,(new) src/registry/pm.endpoints.ts,(new) src/resources/PortfolioMargin.ts | PortfolioMarginUm.ts | PortfolioMarginCm.ts | PortfolioMarginMargin.ts | PortfolioMarginPortfolio.ts,(new) test/resources/PortfolioMargin.test.ts,Missing,P1,COIN-M batch orders.
Portfolio Margin,PUT,/papi/v1/cm/batchOrders,signed,client.portfolioMargin.cm.trading,modifyBatchOrders,(new) src/registry/pm.endpoints.ts,(new) src/resources/PortfolioMargin.ts | PortfolioMarginUm.ts | PortfolioMarginCm.ts | PortfolioMarginMargin.ts | PortfolioMarginPortfolio.ts,(new) test/resources/PortfolioMargin.test.ts,Missing,P1,COIN-M batch orders modify.
Portfolio Margin,DELETE,/papi/v1/cm/batchOrders,signed,client.portfolioMargin.cm.trading,cancelBatchOrders,(new) src/registry/pm.endpoints.ts,(new) src/resources/PortfolioMargin.ts | PortfolioMarginUm.ts | PortfolioMarginCm.ts | PortfolioMarginMargin.ts | PortfolioMarginPortfolio.ts,(new) test/resources/PortfolioMargin.test.ts,Missing,P1,COIN-M batch orders cancel.
Portfolio Margin,DELETE,/papi/v1/cm/order,signed,client.portfolioMargin.cm.trading,cancelOrder,(new) src/registry/pm.endpoints.ts,(new) src/resources/PortfolioMargin.ts | PortfolioMarginUm.ts | PortfolioMarginCm.ts | PortfolioMarginMargin.ts | PortfolioMarginPortfolio.ts,(new) test/resources/PortfolioMargin.test.ts,Missing,P0,COIN-M order cancel.
Portfolio Margin,DELETE,/papi/v1/cm/allOpenOrders,signed,client.portfolioMargin.cm.trading,cancelAllOpenOrders,(new) src/registry/pm.endpoints.ts,(new) src/resources/PortfolioMargin.ts | PortfolioMarginUm.ts | PortfolioMarginCm.ts | PortfolioMarginMargin.ts | PortfolioMarginPortfolio.ts,(new) test/resources/PortfolioMargin.test.ts,Missing,P0,COIN-M cancel-all.
Portfolio Margin,GET,/papi/v1/cm/openOrders,signed,client.portfolioMargin.cm.trading,getOpenOrders,(new) src/registry/pm.endpoints.ts,(new) src/resources/PortfolioMargin.ts | PortfolioMarginUm.ts | PortfolioMarginCm.ts | PortfolioMarginMargin.ts | PortfolioMarginPortfolio.ts,(new) test/resources/PortfolioMargin.test.ts,Missing,P1,COIN-M open orders.
Portfolio Margin,GET,/papi/v1/cm/allOrders,signed,client.portfolioMargin.cm.trading,getAllOrders,(new) src/registry/pm.endpoints.ts,(new) src/resources/PortfolioMargin.ts | PortfolioMarginUm.ts | PortfolioMarginCm.ts | PortfolioMarginMargin.ts | PortfolioMarginPortfolio.ts,(new) test/resources/PortfolioMargin.test.ts,Missing,P1,COIN-M all orders.
Portfolio Margin,GET,/papi/v1/cm/order,signed,client.portfolioMargin.cm.trading,getOrder,(new) src/registry/pm.endpoints.ts,(new) src/resources/PortfolioMargin.ts | PortfolioMarginUm.ts | PortfolioMarginCm.ts | PortfolioMarginMargin.ts | PortfolioMarginPortfolio.ts,(new) test/resources/PortfolioMargin.test.ts,Missing,P1,COIN-M order fetch.
Portfolio Margin,GET,/papi/v1/cm/historicalOrders,signed,client.portfolioMargin.cm.trading,getHistoricalOrders,(new) src/registry/pm.endpoints.ts,(new) src/resources/PortfolioMargin.ts | PortfolioMarginUm.ts | PortfolioMarginCm.ts | PortfolioMarginMargin.ts | PortfolioMarginPortfolio.ts,(new) test/resources/PortfolioMargin.test.ts,Missing,P2,COIN-M historical orders.
Portfolio Margin,GET,/papi/v1/cm/order/asyn,signed,client.portfolioMargin.cm.account,requestOrderDownload,(new) src/registry/pm.endpoints.ts,(new) src/resources/PortfolioMargin.ts | PortfolioMarginUm.ts | PortfolioMarginCm.ts | PortfolioMarginMargin.ts | PortfolioMarginPortfolio.ts,(new) test/resources/PortfolioMargin.test.ts,Missing,P2,Async order download request.
Portfolio Margin,GET,/papi/v1/cm/order/asyn/id,signed,client.portfolioMargin.cm.account,getOrderDownloadStatus,(new) src/registry/pm.endpoints.ts,(new) src/resources/PortfolioMargin.ts | PortfolioMarginUm.ts | PortfolioMarginCm.ts | PortfolioMarginMargin.ts | PortfolioMarginPortfolio.ts,(new) test/resources/PortfolioMargin.test.ts,Missing,P2,Async order download status.
Portfolio Margin,GET,/papi/v1/cm/positionRisk,signed,client.portfolioMargin.cm.account,getPositionRisk,(new) src/registry/pm.endpoints.ts,(new) src/resources/PortfolioMargin.ts | PortfolioMarginUm.ts | PortfolioMarginCm.ts | PortfolioMarginMargin.ts | PortfolioMarginPortfolio.ts,(new) test/resources/PortfolioMargin.test.ts,Missing,P0,COIN-M position risk.
Portfolio Margin,GET,/papi/v1/cm/userServiceMargin,signed,client.portfolioMargin.cm.account,getUserServiceMargin,(new) src/registry/pm.endpoints.ts,(new) src/resources/PortfolioMargin.ts | PortfolioMarginUm.ts | PortfolioMarginCm.ts | PortfolioMarginMargin.ts | PortfolioMarginPortfolio.ts,(new) test/resources/PortfolioMargin.test.ts,Missing,P2,User service margin.
Portfolio Margin,GET,/papi/v1/cm/pmAccountInfo,signed,client.portfolioMargin.cm.account,getPmAccountInfo,(new) src/registry/pm.endpoints.ts,(new) src/resources/PortfolioMargin.ts | PortfolioMarginUm.ts | PortfolioMarginCm.ts | PortfolioMarginMargin.ts | PortfolioMarginPortfolio.ts,(new) test/resources/PortfolioMargin.test.ts,Missing,P2,PM account info via CM.
Portfolio Margin,GET,/papi/v1/cm/forceOrders,signed,client.portfolioMargin.cm.account,getForceOrders,(new) src/registry/pm.endpoints.ts,(new) src/resources/PortfolioMargin.ts | PortfolioMarginUm.ts | PortfolioMarginCm.ts | PortfolioMarginMargin.ts | PortfolioMarginPortfolio.ts,(new) test/resources/PortfolioMargin.test.ts,Missing,P1,COIN-M liquidation orders.
Portfolio Margin,POST,/papi/v1/cm/positionMargin,signed,client.portfolioMargin.cm.trading,modifyPositionMargin,(new) src/registry/pm.endpoints.ts,(new) src/resources/PortfolioMargin.ts | PortfolioMarginUm.ts | PortfolioMarginCm.ts | PortfolioMarginMargin.ts | PortfolioMarginPortfolio.ts,(new) test/resources/PortfolioMargin.test.ts,Missing,P1,COIN-M position margin adjustment.
Portfolio Margin,GET,/papi/v1/cm/positionMargin/history,signed,client.portfolioMargin.cm.account,getPositionMarginHistory,(new) src/registry/pm.endpoints.ts,(new) src/resources/PortfolioMargin.ts | PortfolioMarginUm.ts | PortfolioMarginCm.ts | PortfolioMarginMargin.ts | PortfolioMarginPortfolio.ts,(new) test/resources/PortfolioMargin.test.ts,Missing,P1,COIN-M position margin history.
Portfolio Margin,POST,/papi/v1/cm/countdownCancelAll,signed,client.portfolioMargin.cm.trading,setCountdownCancelAll,(new) src/registry/pm.endpoints.ts,(new) src/resources/PortfolioMargin.ts | PortfolioMarginUm.ts | PortfolioMarginCm.ts | PortfolioMarginMargin.ts | PortfolioMarginPortfolio.ts,(new) test/resources/PortfolioMargin.test.ts,Missing,P1,COIN-M countdown auto-cancel.
Portfolio Margin,POST,/papi/v1/cm/leverage,signed,client.portfolioMargin.cm.trading,setLeverage,(new) src/registry/pm.endpoints.ts,(new) src/resources/PortfolioMargin.ts | PortfolioMarginUm.ts | PortfolioMarginCm.ts | PortfolioMarginMargin.ts | PortfolioMarginPortfolio.ts,(new) test/resources/PortfolioMargin.test.ts,Missing,P0,COIN-M leverage set.
Portfolio Margin,POST,/papi/v1/cm/marginType,signed,client.portfolioMargin.cm.trading,setMarginType,(new) src/registry/pm.endpoints.ts,(new) src/resources/PortfolioMargin.ts | PortfolioMarginUm.ts | PortfolioMarginCm.ts | PortfolioMarginMargin.ts | PortfolioMarginPortfolio.ts,(new) test/resources/PortfolioMargin.test.ts,Missing,P0,COIN-M margin type.
Portfolio Margin,POST,/papi/v1/cm/positionSide/dual,signed,client.portfolioMargin.cm.trading,setPositionSide,(new) src/registry/pm.endpoints.ts,(new) src/resources/PortfolioMargin.ts | PortfolioMarginUm.ts | PortfolioMarginCm.ts | PortfolioMarginMargin.ts | PortfolioMarginPortfolio.ts,(new) test/resources/PortfolioMargin.test.ts,Missing,P1,COIN-M position side (hedge mode).
Portfolio Margin,GET,/papi/v1/um/account,signed,client.portfolioMargin.um.account,getAccount,(new) src/registry/pm.endpoints.ts,(new) src/resources/PortfolioMargin.ts | PortfolioMarginUm.ts | PortfolioMarginCm.ts | PortfolioMarginMargin.ts | PortfolioMarginPortfolio.ts,(new) test/resources/PortfolioMargin.test.ts,Missing,P0,USDⓈ-M account under PM.
Portfolio Margin,GET,/papi/v1/um/balance,signed,client.portfolioMargin.um.account,getBalances,(new) src/registry/pm.endpoints.ts,(new) src/resources/PortfolioMargin.ts | PortfolioMarginUm.ts | PortfolioMarginCm.ts | PortfolioMarginMargin.ts | PortfolioMarginPortfolio.ts,(new) test/resources/PortfolioMargin.test.ts,Missing,P0,USDⓈ-M balances under PM.
Portfolio Margin,GET,/papi/v1/um/leverageBracket,signed,client.portfolioMargin.um.account,getLeverageBrackets,(new) src/registry/pm.endpoints.ts,(new) src/resources/PortfolioMargin.ts | PortfolioMarginUm.ts | PortfolioMarginCm.ts | PortfolioMarginMargin.ts | PortfolioMarginPortfolio.ts,(new) test/resources/PortfolioMargin.test.ts,Missing,P1,USDⓈ-M leverage brackets.
Portfolio Margin,GET,/papi/v1/um/income,signed,client.portfolioMargin.um.account,getIncomeHistory,(new) src/registry/pm.endpoints.ts,(new) src/resources/PortfolioMargin.ts | PortfolioMarginUm.ts | PortfolioMarginCm.ts | PortfolioMarginMargin.ts | PortfolioMarginPortfolio.ts,(new) test/resources/PortfolioMargin.test.ts,Missing,P1,USDⓈ-M income history.
Portfolio Margin,GET,/papi/v1/um/income/asyn,signed,client.portfolioMargin.um.account,requestIncomeDownload,(new) src/registry/pm.endpoints.ts,(new) src/resources/PortfolioMargin.ts | PortfolioMarginUm.ts | PortfolioMarginCm.ts | PortfolioMarginMargin.ts | PortfolioMarginPortfolio.ts,(new) test/resources/PortfolioMargin.test.ts,Missing,P2,Async income download request.
Portfolio Margin,GET,/papi/v1/um/income/asyn/id,signed,client.portfolioMargin.um.account,getIncomeDownloadStatus,(new) src/registry/pm.endpoints.ts,(new) src/resources/PortfolioMargin.ts | PortfolioMarginUm.ts | PortfolioMarginCm.ts | PortfolioMarginMargin.ts | PortfolioMarginPortfolio.ts,(new) test/resources/PortfolioMargin.test.ts,Missing,P2,Async income download status.
Portfolio Margin,POST,/papi/v1/um/order,signed,client.portfolioMargin.um.trading,createOrder,(new) src/registry/pm.endpoints.ts,(new) src/resources/PortfolioMargin.ts | PortfolioMarginUm.ts | PortfolioMarginCm.ts | PortfolioMarginMargin.ts | PortfolioMarginPortfolio.ts,(new) test/resources/PortfolioMargin.test.ts,Missing,P0,USDⓈ-M order placement.
Portfolio Margin,POST,/papi/v1/um/order/test,signed,client.portfolioMargin.um.trading,createTestOrder,(new) src/registry/pm.endpoints.ts,(new) src/resources/PortfolioMargin.ts | PortfolioMarginUm.ts | PortfolioMarginCm.ts | PortfolioMarginMargin.ts | PortfolioMarginPortfolio.ts,(new) test/resources/PortfolioMargin.test.ts,Missing,P2,USDⓈ-M order test.
Portfolio Margin,POST,/papi/v1/um/batchOrders,signed,client.portfolioMargin.um.trading,createBatchOrders,(new) src/registry/pm.endpoints.ts,(new) src/resources/PortfolioMargin.ts | PortfolioMarginUm.ts | PortfolioMarginCm.ts | PortfolioMarginMargin.ts | PortfolioMarginPortfolio.ts,(new) test/resources/PortfolioMargin.test.ts,Missing,P1,USDⓈ-M batch orders.
Portfolio Margin,PUT,/papi/v1/um/batchOrders,signed,client.portfolioMargin.um.trading,modifyBatchOrders,(new) src/registry/pm.endpoints.ts,(new) src/resources/PortfolioMargin.ts | PortfolioMarginUm.ts | PortfolioMarginCm.ts | PortfolioMarginMargin.ts | PortfolioMarginPortfolio.ts,(new) test/resources/PortfolioMargin.test.ts,Missing,P1,USDⓈ-M batch orders modify.
Portfolio Margin,DELETE,/papi/v1/um/batchOrders,signed,client.portfolioMargin.um.trading,cancelBatchOrders,(new) src/registry/pm.endpoints.ts,(new) src/resources/PortfolioMargin.ts | PortfolioMarginUm.ts | PortfolioMarginCm.ts | PortfolioMarginMargin.ts | PortfolioMarginPortfolio.ts,(new) test/resources/PortfolioMargin.test.ts,Missing,P1,USDⓈ-M batch orders cancel.
Portfolio Margin,DELETE,/papi/v1/um/order,signed,client.portfolioMargin.um.trading,cancelOrder,(new) src/registry/pm.endpoints.ts,(new) src/resources/PortfolioMargin.ts | PortfolioMarginUm.ts | PortfolioMarginCm.ts | PortfolioMarginMargin.ts | PortfolioMarginPortfolio.ts,(new) test/resources/PortfolioMargin.test.ts,Missing,P0,USDⓈ-M order cancel.
Portfolio Margin,DELETE,/papi/v1/um/allOpenOrders,signed,client.portfolioMargin.um.trading,cancelAllOpenOrders,(new) src/registry/pm.endpoints.ts,(new) src/resources/PortfolioMargin.ts | PortfolioMarginUm.ts | PortfolioMarginCm.ts | PortfolioMarginMargin.ts | PortfolioMarginPortfolio.ts,(new) test/resources/PortfolioMargin.test.ts,Missing,P0,USDⓈ-M cancel-all.
Portfolio Margin,GET,/papi/v1/um/openOrders,signed,client.portfolioMargin.um.trading,getOpenOrders,(new) src/registry/pm.endpoints.ts,(new) src/resources/PortfolioMargin.ts | PortfolioMarginUm.ts | PortfolioMarginCm.ts | PortfolioMarginMargin.ts | PortfolioMarginPortfolio.ts,(new) test/resources/PortfolioMargin.test.ts,Missing,P1,USDⓈ-M open orders.
Portfolio Margin,GET,/papi/v1/um/allOrders,signed,client.portfolioMargin.um.trading,getAllOrders,(new) src/registry/pm.endpoints.ts,(new) src/resources/PortfolioMargin.ts | PortfolioMarginUm.ts | PortfolioMarginCm.ts | PortfolioMarginMargin.ts | PortfolioMarginPortfolio.ts,(new) test/resources/PortfolioMargin.test.ts,Missing,P1,USDⓈ-M all orders.
Portfolio Margin,GET,/papi/v1/um/order,signed,client.portfolioMargin.um.trading,getOrder,(new) src/registry/pm.endpoints.ts,(new) src/resources/PortfolioMargin.ts | PortfolioMarginUm.ts | PortfolioMarginCm.ts | PortfolioMarginMargin.ts | PortfolioMarginPortfolio.ts,(new) test/resources/PortfolioMargin.test.ts,Missing,P1,USDⓈ-M order fetch.
Portfolio Margin,GET,/papi/v1/um/historicalOrders,signed,client.portfolioMargin.um.trading,getHistoricalOrders,(new) src/registry/pm.endpoints.ts,(new) src/resources/PortfolioMargin.ts | PortfolioMarginUm.ts | PortfolioMarginCm.ts | PortfolioMarginMargin.ts | PortfolioMarginPortfolio.ts,(new) test/resources/PortfolioMargin.test.ts,Missing,P2,USDⓈ-M historical orders.
Portfolio Margin,GET,/papi/v1/um/order/asyn,signed,client.portfolioMargin.um.account,requestOrderDownload,(new) src/registry/pm.endpoints.ts,(new) src/resources/PortfolioMargin.ts | PortfolioMarginUm.ts | PortfolioMarginCm.ts | PortfolioMarginMargin.ts | PortfolioMarginPortfolio.ts,(new) test/resources/PortfolioMargin.test.ts,Missing,P2,Async order download request.
Portfolio Margin,GET,/papi/v1/um/order/asyn/id,signed,client.portfolioMargin.um.account,getOrderDownloadStatus,(new) src/registry/pm.endpoints.ts,(new) src/resources/PortfolioMargin.ts | PortfolioMarginUm.ts | PortfolioMarginCm.ts | PortfolioMarginMargin.ts | PortfolioMarginPortfolio.ts,(new) test/resources/PortfolioMargin.test.ts,Missing,P2,Async order download status.
Portfolio Margin,GET,/papi/v1/um/positionRisk,signed,client.portfolioMargin.um.account,getPositionRisk,(new) src/registry/pm.endpoints.ts,(new) src/resources/PortfolioMargin.ts | PortfolioMarginUm.ts | PortfolioMarginCm.ts | PortfolioMarginMargin.ts | PortfolioMarginPortfolio.ts,(new) test/resources/PortfolioMargin.test.ts,Missing,P0,USDⓈ-M position risk.
Portfolio Margin,GET,/papi/v1/um/userServiceMargin,signed,client.portfolioMargin.um.account,getUserServiceMargin,(new) src/registry/pm.endpoints.ts,(new) src/resources/PortfolioMargin.ts | PortfolioMarginUm.ts | PortfolioMarginCm.ts | PortfolioMarginMargin.ts | PortfolioMarginPortfolio.ts,(new) test/resources/PortfolioMargin.test.ts,Missing,P2,User service margin.
Portfolio Margin,GET,/papi/v1/um/pmAccountInfo,signed,client.portfolioMargin.um.account,getPmAccountInfo,(new) src/registry/pm.endpoints.ts,(new) src/resources/PortfolioMargin.ts | PortfolioMarginUm.ts | PortfolioMarginCm.ts | PortfolioMarginMargin.ts | PortfolioMarginPortfolio.ts,(new) test/resources/PortfolioMargin.test.ts,Missing,P2,PM account info via UM.
Portfolio Margin,GET,/papi/v1/um/forceOrders,signed,client.portfolioMargin.um.account,getForceOrders,(new) src/registry/pm.endpoints.ts,(new) src/resources/PortfolioMargin.ts | PortfolioMarginUm.ts | PortfolioMarginCm.ts | PortfolioMarginMargin.ts | PortfolioMarginPortfolio.ts,(new) test/resources/PortfolioMargin.test.ts,Missing,P1,USDⓈ-M liquidation orders.
Portfolio Margin,POST,/papi/v1/um/positionMargin,signed,client.portfolioMargin.um.trading,modifyPositionMargin,(new) src/registry/pm.endpoints.ts,(new) src/resources/PortfolioMargin.ts | PortfolioMarginUm.ts | PortfolioMarginCm.ts | PortfolioMarginMargin.ts | PortfolioMarginPortfolio.ts,(new) test/resources/PortfolioMargin.test.ts,Missing,P1,USDⓈ-M position margin adjustment.
Portfolio Margin,GET,/papi/v1/um/positionMargin/history,signed,client.portfolioMargin.um.account,getPositionMarginHistory,(new) src/registry/pm.endpoints.ts,(new) src/resources/PortfolioMargin.ts | PortfolioMarginUm.ts | PortfolioMarginCm.ts | PortfolioMarginMargin.ts | PortfolioMarginPortfolio.ts,(new) test/resources/PortfolioMargin.test.ts,Missing,P1,USDⓈ-M position margin history.
Portfolio Margin,POST,/papi/v1/um/countdownCancelAll,signed,client.portfolioMargin.um.trading,setCountdownCancelAll,(new) src/registry/pm.endpoints.ts,(new) src/resources/PortfolioMargin.ts | PortfolioMarginUm.ts | PortfolioMarginCm.ts | PortfolioMarginMargin.ts | PortfolioMarginPortfolio.ts,(new) test/resources/PortfolioMargin.test.ts,Missing,P1,USDⓈ-M countdown auto-cancel.
Portfolio Margin,POST,/papi/v1/um/leverage,signed,client.portfolioMargin.um.trading,setLeverage,(new) src/registry/pm.endpoints.ts,(new) src/resources/PortfolioMargin.ts | PortfolioMarginUm.ts | PortfolioMarginCm.ts | PortfolioMarginMargin.ts | PortfolioMarginPortfolio.ts,(new) test/resources/PortfolioMargin.test.ts,Missing,P0,USDⓈ-M leverage set.
Portfolio Margin,POST,/papi/v1/um/marginType,signed,client.portfolioMargin.um.trading,setMarginType,(new) src/registry/pm.endpoints.ts,(new) src/resources/PortfolioMargin.ts | PortfolioMarginUm.ts | PortfolioMarginCm.ts | PortfolioMarginMargin.ts | PortfolioMarginPortfolio.ts,(new) test/resources/PortfolioMargin.test.ts,Missing,P0,USDⓈ-M margin type.
Portfolio Margin,POST,/papi/v1/um/positionSide/dual,signed,client.portfolioMargin.um.trading,setPositionSide,(new) src/registry/pm.endpoints.ts,(new) src/resources/PortfolioMargin.ts | PortfolioMarginUm.ts | PortfolioMarginCm.ts | PortfolioMarginMargin.ts | PortfolioMarginPortfolio.ts,(new) test/resources/PortfolioMargin.test.ts,Missing,P1,USDⓈ-M position side (hedge mode).
Portfolio Margin,POST,/papi/v1/um/algo/order,signed,client.portfolioMargin.um.trading,createAlgoOrder,(new) src/registry/pm.endpoints.ts,(new) src/resources/PortfolioMargin.ts | PortfolioMarginUm.ts | PortfolioMarginCm.ts | PortfolioMarginMargin.ts | PortfolioMarginPortfolio.ts,(new) test/resources/PortfolioMargin.test.ts,Missing,P1,USDⓈ-M algo (conditional) order.
Portfolio Margin,DELETE,/papi/v1/um/algo/order,signed,client.portfolioMargin.um.trading,cancelAlgoOrder,(new) src/registry/pm.endpoints.ts,(new) src/resources/PortfolioMargin.ts | PortfolioMarginUm.ts | PortfolioMarginCm.ts | PortfolioMarginMargin.ts | PortfolioMarginPortfolio.ts,(new) test/resources/PortfolioMargin.test.ts,Missing,P1,USDⓈ-M algo order cancel.
Portfolio Margin,GET,/papi/v1/um/algo/openOrders,signed,client.portfolioMargin.um.trading,getOpenAlgoOrders,(new) src/registry/pm.endpoints.ts,(new) src/resources/PortfolioMargin.ts | PortfolioMarginUm.ts | PortfolioMarginCm.ts | PortfolioMarginMargin.ts | PortfolioMarginPortfolio.ts,(new) test/resources/PortfolioMargin.test.ts,Missing,P1,USDⓈ-M open algo orders.
Portfolio Margin,GET,/papi/v1/um/algo/historicalOrders,signed,client.portfolioMargin.um.trading,getHistoricalAlgoOrders,(new) src/registry/pm.endpoints.ts,(new) src/resources/PortfolioMargin.ts | PortfolioMarginUm.ts | PortfolioMarginCm.ts | PortfolioMarginMargin.ts | PortfolioMarginPortfolio.ts,(new) test/resources/PortfolioMargin.test.ts,Missing,P2,USDⓈ-M historical algo orders.
Portfolio Margin,GET,/papi/v1/um/algo/allOrders,signed,client.portfolioMargin.um.trading,getAllAlgoOrders,(new) src/registry/pm.endpoints.ts,(new) src/resources/PortfolioMargin.ts | PortfolioMarginUm.ts | PortfolioMarginCm.ts | PortfolioMarginMargin.ts | PortfolioMarginPortfolio.ts,(new) test/resources/PortfolioMargin.test.ts,Missing,P2,USDⓈ-M all algo orders.
Portfolio Margin,GET,/papi/v1/margin/marginLoan,signed,client.portfolioMargin.margin,getMarginLoanHistory,(new) src/registry/pm.endpoints.ts,(new) src/resources/PortfolioMargin.ts | PortfolioMarginUm.ts | PortfolioMarginCm.ts | PortfolioMarginMargin.ts | PortfolioMarginPortfolio.ts,(new) test/resources/PortfolioMargin.test.ts,Missing,P1,Margin loan history (deprecated alias — keep for legacy callers).
Portfolio Margin,GET,/papi/v1/margin/repay,signed,client.portfolioMargin.margin,getRepayHistory,(new) src/registry/pm.endpoints.ts,(new) src/resources/PortfolioMargin.ts | PortfolioMarginUm.ts | PortfolioMarginCm.ts | PortfolioMarginMargin.ts | PortfolioMarginPortfolio.ts,(new) test/resources/PortfolioMargin.test.ts,Missing,P1,Margin repay history (deprecated alias).
Portfolio Margin,GET,/papi/v1/margin/interestHistory,signed,client.portfolioMargin.margin,getInterestHistory,(new) src/registry/pm.endpoints.ts,(new) src/resources/PortfolioMargin.ts | PortfolioMarginUm.ts | PortfolioMarginCm.ts | PortfolioMarginMargin.ts | PortfolioMarginPortfolio.ts,(new) test/resources/PortfolioMargin.test.ts,Missing,P1,Margin interest history.
Portfolio Margin,GET,/papi/v1/margin/account,signed,client.portfolioMargin.margin,getMarginAccount,(new) src/registry/pm.endpoints.ts,(new) src/resources/PortfolioMargin.ts | PortfolioMarginUm.ts | PortfolioMarginCm.ts | PortfolioMarginMargin.ts | PortfolioMarginPortfolio.ts,(new) test/resources/PortfolioMargin.test.ts,Missing,P0,Cross margin account state.
Portfolio Margin,GET,/papi/v1/margin/accountInfo,signed,client.portfolioMargin.margin,getMarginAccountInfo,(new) src/registry/pm.endpoints.ts,(new) src/resources/PortfolioMargin.ts | PortfolioMarginUm.ts | PortfolioMarginCm.ts | PortfolioMarginMargin.ts | PortfolioMarginPortfolio.ts,(new) test/resources/PortfolioMargin.test.ts,Missing,P1,Margin account info.
Portfolio Margin,GET,/papi/v1/margin/marginLevel,signed,client.portfolioMargin.margin,getMarginLevel,(new) src/registry/pm.endpoints.ts,(new) src/resources/PortfolioMargin.ts | PortfolioMarginUm.ts | PortfolioMarginCm.ts | PortfolioMarginMargin.ts | PortfolioMarginPortfolio.ts,(new) test/resources/PortfolioMargin.test.ts,Missing,P2,Margin level info.
Portfolio Margin,POST,/papi/v1/margin/borrow,signed,client.portfolioMargin.margin,borrow,(new) src/registry/pm.endpoints.ts,(new) src/resources/PortfolioMargin.ts | PortfolioMarginUm.ts | PortfolioMarginCm.ts | PortfolioMarginMargin.ts | PortfolioMarginPortfolio.ts,(new) test/resources/PortfolioMargin.test.ts,Missing,P0,Margin borrow (v2 endpoint alias).
Portfolio Margin,POST,/papi/v1/margin/repay,signed,client.portfolioMargin.margin,repay,(new) src/registry/pm.endpoints.ts,(new) src/resources/PortfolioMargin.ts | PortfolioMarginUm.ts | PortfolioMarginCm.ts | PortfolioMarginMargin.ts | PortfolioMarginPortfolio.ts,(new) test/resources/PortfolioMargin.test.ts,Missing,P0,Margin repay (v2 endpoint alias).
Portfolio Margin,GET,/papi/v1/margin/borrowable,signed,client.portfolioMargin.margin,getBorrowable,(new) src/registry/pm.endpoints.ts,(new) src/resources/PortfolioMargin.ts | PortfolioMarginUm.ts | PortfolioMarginCm.ts | PortfolioMarginMargin.ts | PortfolioMarginPortfolio.ts,(new) test/resources/PortfolioMargin.test.ts,Missing,P2,Borrowable amount check.
Portfolio Margin,POST,/papi/v1/margin/transfer,signed,client.portfolioMargin.margin,transfer,(new) src/registry/pm.endpoints.ts,(new) src/resources/PortfolioMargin.ts | PortfolioMarginUm.ts | PortfolioMarginCm.ts | PortfolioMarginMargin.ts | PortfolioMarginPortfolio.ts,(new) test/resources/PortfolioMargin.test.ts,Missing,P1,Margin transfer.
Portfolio Margin,GET,/papi/v1/margin/transfer,signed,client.portfolioMargin.margin,getTransferHistory,(new) src/registry/pm.endpoints.ts,(new) src/resources/PortfolioMargin.ts | PortfolioMarginUm.ts | PortfolioMarginCm.ts | PortfolioMarginMargin.ts | PortfolioMarginPortfolio.ts,(new) test/resources/PortfolioMargin.test.ts,Missing,P2,Margin transfer history.
Portfolio Margin,POST,/papi/v1/margin/isolated/transfer,signed,client.portfolioMargin.margin.isolated,transfer,(new) src/registry/pm.endpoints.ts,(new) src/resources/PortfolioMargin.ts | PortfolioMarginUm.ts | PortfolioMarginCm.ts | PortfolioMarginMargin.ts | PortfolioMarginPortfolio.ts,(new) test/resources/PortfolioMargin.test.ts,Missing,P1,Isolated margin transfer.
Portfolio Margin,GET,/papi/v1/margin/isolated/account,signed,client.portfolioMargin.margin.isolated,getAccount,(new) src/registry/pm.endpoints.ts,(new) src/resources/PortfolioMargin.ts | PortfolioMarginUm.ts | PortfolioMarginCm.ts | PortfolioMarginMargin.ts | PortfolioMarginPortfolio.ts,(new) test/resources/PortfolioMargin.test.ts,Missing,P1,Isolated margin account.
Portfolio Margin,GET,/papi/v1/margin/isolated/accountLimit,signed,client.portfolioMargin.margin.isolated,getAccountLimit,(new) src/registry/pm.endpoints.ts,(new) src/resources/PortfolioMargin.ts | PortfolioMarginUm.ts | PortfolioMarginCm.ts | PortfolioMarginMargin.ts | PortfolioMarginPortfolio.ts,(new) test/resources/PortfolioMargin.test.ts,Missing,P2,Isolated account limit.
Portfolio Margin,GET,/papi/v1/margin/isolated/transfer,signed,client.portfolioMargin.margin.isolated,getTransferHistory,(new) src/registry/pm.endpoints.ts,(new) src/resources/PortfolioMargin.ts | PortfolioMarginUm.ts | PortfolioMarginCm.ts | PortfolioMarginMargin.ts | PortfolioMarginPortfolio.ts,(new) test/resources/PortfolioMargin.test.ts,Missing,P2,Isolated transfer history.
Portfolio Margin,GET,/papi/v1/margin/isolated/transferHistory,signed,client.portfolioMargin.margin.isolated,getAllTransferHistory,(new) src/registry/pm.endpoints.ts,(new) src/resources/PortfolioMargin.ts | PortfolioMarginUm.ts | PortfolioMarginCm.ts | PortfolioMarginMargin.ts | PortfolioMarginPortfolio.ts,(new) test/resources/PortfolioMargin.test.ts,Missing,P2,All isolated transfer history.
Portfolio Margin,GET,/papi/v1/margin/isolated/isolatedMarginTier,signed,client.portfolioMargin.margin.isolated,getMarginTier,(new) src/registry/pm.endpoints.ts,(new) src/resources/PortfolioMargin.ts | PortfolioMarginUm.ts | PortfolioMarginCm.ts | PortfolioMarginMargin.ts | PortfolioMarginPortfolio.ts,(new) test/resources/PortfolioMargin.test.ts,Missing,P2,Isolated margin tier.
Portfolio Margin,GET,/papi/v1/margin/isolated/isolatedMarginData,signed,client.portfolioMargin.margin.isolated,getMarginData,(new) src/registry/pm.endpoints.ts,(new) src/resources/PortfolioMargin.ts | PortfolioMarginUm.ts | PortfolioMarginCm.ts | PortfolioMarginMargin.ts | PortfolioMarginPortfolio.ts,(new) test/resources/PortfolioMargin.test.ts,Missing,P2,Isolated margin data.
Portfolio Margin,GET,/papi/v1/margin/dust,signed,client.portfolioMargin.margin,getDust,(new) src/registry/pm.endpoints.ts,(new) src/resources/PortfolioMargin.ts | PortfolioMarginUm.ts | PortfolioMarginCm.ts | PortfolioMarginMargin.ts | PortfolioMarginPortfolio.ts,(new) test/resources/PortfolioMargin.test.ts,Missing,P2,Dust balance log.
Portfolio Margin,POST,/papi/v1/margin/dust,signed,client.portfolioMargin.margin,transferDust,(new) src/registry/pm.endpoints.ts,(new) src/resources/PortfolioMargin.ts | PortfolioMarginUm.ts | PortfolioMarginCm.ts | PortfolioMarginMargin.ts | PortfolioMarginPortfolio.ts,(new) test/resources/PortfolioMargin.test.ts,Missing,P2,Dust transfer (deprecated alias).
Portfolio Margin,GET,/papi/v1/margin/dustLog,signed,client.portfolioMargin.margin,getDustLog,(new) src/registry/pm.endpoints.ts,(new) src/resources/PortfolioMargin.ts | PortfolioMarginUm.ts | PortfolioMarginCm.ts | PortfolioMarginMargin.ts | PortfolioMarginPortfolio.ts,(new) test/resources/PortfolioMargin.test.ts,Missing,P2,Dust transfer log.
Portfolio Margin,POST,/papi/v1/margin/transferToEpic,signed,client.portfolioMargin.margin,transferToEpic,(new) src/registry/pm.endpoints.ts,(new) src/resources/PortfolioMargin.ts | PortfolioMarginUm.ts | PortfolioMarginCm.ts | PortfolioMarginMargin.ts | PortfolioMarginPortfolio.ts,(new) test/resources/PortfolioMargin.test.ts,Missing,P2,Transfer to Epic (deprecated alias).
Portfolio Margin,GET,/papi/v1/portfolio/account,signed,client.portfolioMargin.portfolio,getAccount,(new) src/registry/pm.endpoints.ts,(new) src/resources/PortfolioMargin.ts | PortfolioMarginUm.ts | PortfolioMarginCm.ts | PortfolioMarginMargin.ts | PortfolioMarginPortfolio.ts,(new) test/resources/PortfolioMargin.test.ts,Missing,P0,Portfolio account state.
Portfolio Margin,GET,/papi/v1/portfolio/balance,signed,client.portfolioMargin.portfolio,getBalance,(new) src/registry/pm.endpoints.ts,(new) src/resources/PortfolioMargin.ts | PortfolioMarginUm.ts | PortfolioMarginCm.ts | PortfolioMarginMargin.ts | PortfolioMarginPortfolio.ts,(new) test/resources/PortfolioMargin.test.ts,Missing,P0,Portfolio balance.
Portfolio Margin,GET,/papi/v1/portfolio/repayLoan,signed,client.portfolioMargin.portfolio,getRepayLoanHistory,(new) src/registry/pm.endpoints.ts,(new) src/resources/PortfolioMargin.ts | PortfolioMarginUm.ts | PortfolioMarginCm.ts | PortfolioMarginMargin.ts | PortfolioMarginPortfolio.ts,(new) test/resources/PortfolioMargin.test.ts,Missing,P1,Repay loan history.
Portfolio Margin,POST,/papi/v1/portfolio/repayLoan,signed,client.portfolioMargin.portfolio,repayLoan,(new) src/registry/pm.endpoints.ts,(new) src/resources/PortfolioMargin.ts | PortfolioMarginUm.ts | PortfolioMarginCm.ts | PortfolioMarginMargin.ts | PortfolioMarginPortfolio.ts,(new) test/resources/PortfolioMargin.test.ts,Missing,P0,Trigger portfolio loan repayment (deprecated alias).
Portfolio Margin,POST,/papi/v1/portfolio/selfRepayLoan,signed,client.portfolioMargin.portfolio,triggerSelfRepayLoan,(new) src/registry/pm.endpoints.ts,(new) src/resources/PortfolioMargin.ts | PortfolioMarginUm.ts | PortfolioMarginCm.ts | PortfolioMarginMargin.ts | PortfolioMarginPortfolio.ts,(new) test/resources/PortfolioMargin.test.ts,Missing,P0,Trigger self-repay loan.
Portfolio Margin,GET,/papi/v1/portfolio/selfRepayLoanStatus,signed,client.portfolioMargin.portfolio,getSelfRepayLoanStatus,(new) src/registry/pm.endpoints.ts,(new) src/resources/PortfolioMargin.ts | PortfolioMarginUm.ts | PortfolioMarginCm.ts | PortfolioMarginMargin.ts | PortfolioMarginPortfolio.ts,(new) test/resources/PortfolioMargin.test.ts,Missing,P1,Self-repay loan status.
Portfolio Margin,GET,/papi/v1/portfolio/swapHistory,signed,client.portfolioMargin.portfolio,getSwapHistory,(new) src/registry/pm.endpoints.ts,(new) src/resources/PortfolioMargin.ts | PortfolioMarginUm.ts | PortfolioMarginCm.ts | PortfolioMarginMargin.ts | PortfolioMarginPortfolio.ts,(new) test/resources/PortfolioMargin.test.ts,Missing,P1,Margin swap history.
Portfolio Margin,POST,/papi/v1/portfolio/lock,signed,client.portfolioMargin.portfolio,lockAsset,(new) src/registry/pm.endpoints.ts,(new) src/resources/PortfolioMargin.ts | PortfolioMarginUm.ts | PortfolioMarginCm.ts | PortfolioMarginMargin.ts | PortfolioMarginPortfolio.ts,(new) test/resources/PortfolioMargin.test.ts,Missing,P2,Lock asset for collateral.
Portfolio Margin,GET,/papi/v1/cm/positionSide/dual,signed,client.portfolioMargin.cm.account,getPositionSide,(new) src/registry/pm.endpoints.ts,(new) src/resources/PortfolioMargin.ts | PortfolioMarginUm.ts | PortfolioMarginCm.ts | PortfolioMarginMargin.ts | PortfolioMarginPortfolio.ts,(new) test/resources/PortfolioMargin.test.ts,Missing,P2,COIN-M position side (hedge mode) status query.
Portfolio Margin,GET,/papi/v1/um/positionSide/dual,signed,client.portfolioMargin.um.account,getPositionSide,(new) src/registry/pm.endpoints.ts,(new) src/resources/PortfolioMargin.ts | PortfolioMarginUm.ts | PortfolioMarginCm.ts | PortfolioMarginMargin.ts | PortfolioMarginPortfolio.ts,(new) test/resources/PortfolioMargin.test.ts,Missing,P2,USDⓈ-M position side (hedge mode) status query.
Portfolio Margin,GET,/papi/v1/portfolio/lock,signed,client.portfolioMargin.portfolio,getLockStatus,(new) src/registry/pm.endpoints.ts,(new) src/resources/PortfolioMargin.ts | PortfolioMarginUm.ts | PortfolioMarginCm.ts | PortfolioMarginMargin.ts | PortfolioMarginPortfolio.ts,(new) test/resources/PortfolioMargin.test.ts,Missing,P2,Locked asset status query.
Portfolio Margin,GET,/papi/v1/rateLimit/order,signed,client.portfolioMargin.account,getOrderRateLimit,(new) src/registry/pm.endpoints.ts,(new) src/resources/PortfolioMargin.ts | PortfolioMarginUm.ts | PortfolioMarginCm.ts | PortfolioMarginMargin.ts | PortfolioMarginPortfolio.ts,(new) test/resources/PortfolioMargin.test.ts,Missing,P2,Order rate limit.
Portfolio Margin,POST,/papi/v1/repay-futures-negative-balance,signed,client.portfolioMargin.account,repayNegativeBalance,(new) src/registry/pm.endpoints.ts,(new) src/resources/PortfolioMargin.ts | PortfolioMarginUm.ts | PortfolioMarginCm.ts | PortfolioMarginMargin.ts | PortfolioMarginPortfolio.ts,(new) test/resources/PortfolioMargin.test.ts,Missing,P1,Repay negative futures balance.
Portfolio Margin,POST,/papi/v1/repay-futures-switch,signed,client.portfolioMargin.account,setRepaySwitch,(new) src/registry/pm.endpoints.ts,(new) src/resources/PortfolioMargin.ts | PortfolioMarginUm.ts | PortfolioMarginCm.ts | PortfolioMarginMargin.ts | PortfolioMarginPortfolio.ts,(new) test/resources/PortfolioMargin.test.ts,Missing,P1,Set futures repay switch.
Portfolio Margin,GET,/papi/v1/repay-futures-switch,signed,client.portfolioMargin.account,getRepaySwitch,(new) src/registry/pm.endpoints.ts,(new) src/resources/PortfolioMargin.ts | PortfolioMarginUm.ts | PortfolioMarginCm.ts | PortfolioMarginMargin.ts | PortfolioMarginPortfolio.ts,(new) test/resources/PortfolioMargin.test.ts,Missing,P1,Get futures repay switch.
Portfolio Margin,POST,/papi/v1/listenKey,apiKey,client.portfolioMargin.userStream,createListenKey,(new) src/registry/pm.endpoints.ts,(new) src/resources/PortfolioMargin.ts | PortfolioMarginUm.ts | PortfolioMarginCm.ts | PortfolioMarginMargin.ts | PortfolioMarginPortfolio.ts,(new) test/resources/PortfolioMargin.test.ts,Missing,P0,User data stream listen key create.
Portfolio Margin,PUT,/papi/v1/listenKey,apiKey,client.portfolioMargin.userStream,keepAliveListenKey,(new) src/registry/pm.endpoints.ts,(new) src/resources/PortfolioMargin.ts | PortfolioMarginUm.ts | PortfolioMarginCm.ts | PortfolioMarginMargin.ts | PortfolioMarginPortfolio.ts,(new) test/resources/PortfolioMargin.test.ts,Missing,P0,User data stream keepalive.
Portfolio Margin,DELETE,/papi/v1/listenKey,apiKey,client.portfolioMargin.userStream,closeListenKey,(new) src/registry/pm.endpoints.ts,(new) src/resources/PortfolioMargin.ts | PortfolioMarginUm.ts | PortfolioMarginCm.ts | PortfolioMarginMargin.ts | PortfolioMarginPortfolio.ts,(new) test/resources/PortfolioMargin.test.ts,Missing,P0,User data stream close.
Portfolio Margin,GET,/papi/v1/portfolioRepayLoan,signed,client.portfolioMargin.portfolio,getPortfolioRepayLoan,(new) src/registry/pm.endpoints.ts,(new) src/resources/PortfolioMargin.ts | PortfolioMarginUm.ts | PortfolioMarginCm.ts | PortfolioMarginMargin.ts | PortfolioMarginPortfolio.ts,(new) test/resources/PortfolioMargin.test.ts,Missing,P2,Portfolio repay loan v2.
Options,GET,/eapi/v1/ping,public,client.options.market,ping,(new) src/registry/options.endpoints.ts,(new) src/resources/Options.ts | OptionsMarket.ts | OptionsTrading.ts | OptionsAccount.ts,(new) test/resources/Options.test.ts,Missing,P2,Connectivity check.
Options,GET,/eapi/v1/time,public,client.options.market,serverTime,(new) src/registry/options.endpoints.ts,(new) src/resources/Options.ts | OptionsMarket.ts | OptionsTrading.ts | OptionsAccount.ts,(new) test/resources/Options.test.ts,Missing,P2,Server time.
Options,GET,/eapi/v1/exchangeInfo,public,client.options.market,exchangeInfo,(new) src/registry/options.endpoints.ts,(new) src/resources/Options.ts | OptionsMarket.ts | OptionsTrading.ts | OptionsAccount.ts,(new) test/resources/Options.test.ts,Missing,P0,Options exchange info.
Options,GET,/eapi/v1/optionChain,public,client.options.market,getOptionChain,(new) src/registry/options.endpoints.ts,(new) src/resources/Options.ts | OptionsMarket.ts | OptionsTrading.ts | OptionsAccount.ts,(new) test/resources/Options.test.ts,Missing,P0,Option chain.
Options,GET,/eapi/v1/index,public,client.options.market,getIndex,(new) src/registry/options.endpoints.ts,(new) src/resources/Options.ts | OptionsMarket.ts | OptionsTrading.ts | OptionsAccount.ts,(new) test/resources/Options.test.ts,Missing,P1,Underlying index price.
Options,GET,/eapi/v1/ticker,public,client.options.market,getTicker,(new) src/registry/options.endpoints.ts,(new) src/resources/Options.ts | OptionsMarket.ts | OptionsTrading.ts | OptionsAccount.ts,(new) test/resources/Options.test.ts,Missing,P0,Ticker.
Options,GET,/eapi/v1/depth,public,client.options.market,getDepth,(new) src/registry/options.endpoints.ts,(new) src/resources/Options.ts | OptionsMarket.ts | OptionsTrading.ts | OptionsAccount.ts,(new) test/resources/Options.test.ts,Missing,P0,Order book depth.
Options,GET,/eapi/v1/trades,public,client.options.market,getTrades,(new) src/registry/options.endpoints.ts,(new) src/resources/Options.ts | OptionsMarket.ts | OptionsTrading.ts | OptionsAccount.ts,(new) test/resources/Options.test.ts,Missing,P1,Recent trades.
Options,GET,/eapi/v1/historicalTrades,apiKey,client.options.market,getHistoricalTrades,(new) src/registry/options.endpoints.ts,(new) src/resources/Options.ts | OptionsMarket.ts | OptionsTrading.ts | OptionsAccount.ts,(new) test/resources/Options.test.ts,Missing,P2,Historical trades.
Options,GET,/eapi/v1/klines,public,client.options.market,getKlines,(new) src/registry/options.endpoints.ts,(new) src/resources/Options.ts | OptionsMarket.ts | OptionsTrading.ts | OptionsAccount.ts,(new) test/resources/Options.test.ts,Missing,P1,Klines.
Options,GET,/eapi/v1/uiKlines,public,client.options.market,getUiKlines,(new) src/registry/options.endpoints.ts,(new) src/resources/Options.ts | OptionsMarket.ts | OptionsTrading.ts | OptionsAccount.ts,(new) test/resources/Options.test.ts,Missing,P2,UI klines.
Options,GET,/eapi/v1/mark,public,client.options.market,getMark,(new) src/registry/options.endpoints.ts,(new) src/resources/Options.ts | OptionsMarket.ts | OptionsTrading.ts | OptionsAccount.ts,(new) test/resources/Options.test.ts,Missing,P1,Mark price.
Options,GET,/eapi/v1/openInterest,public,client.options.market,getOpenInterest,(new) src/registry/options.endpoints.ts,(new) src/resources/Options.ts | OptionsMarket.ts | OptionsTrading.ts | OptionsAccount.ts,(new) test/resources/Options.test.ts,Missing,P1,Open interest.
Options,GET,/eapi/v1/exerciseHistory,signed,client.options.account,getExerciseHistory,(new) src/registry/options.endpoints.ts,(new) src/resources/Options.ts | OptionsMarket.ts | OptionsTrading.ts | OptionsAccount.ts,(new) test/resources/Options.test.ts,Missing,P1,Exercise history.
Options,GET,/eapi/v1/exerciseRecord,signed,client.options.account,getExerciseRecord,(new) src/registry/options.endpoints.ts,(new) src/resources/Options.ts | OptionsMarket.ts | OptionsTrading.ts | OptionsAccount.ts,(new) test/resources/Options.test.ts,Missing,P2,Exercise record.
Options,GET,/eapi/v1/account,signed,client.options.account,getAccount,(new) src/registry/options.endpoints.ts,(new) src/resources/Options.ts | OptionsMarket.ts | OptionsTrading.ts | OptionsAccount.ts,(new) test/resources/Options.test.ts,Missing,P0,Options account.
Options,GET,/eapi/v1/position,signed,client.options.account,getPositions,(new) src/registry/options.endpoints.ts,(new) src/resources/Options.ts | OptionsMarket.ts | OptionsTrading.ts | OptionsAccount.ts,(new) test/resources/Options.test.ts,Missing,P0,Open positions.
Options,GET,/eapi/v1/marginAccount,signed,client.options.account,getMarginAccount,(new) src/registry/options.endpoints.ts,(new) src/resources/Options.ts | OptionsMarket.ts | OptionsTrading.ts | OptionsAccount.ts,(new) test/resources/Options.test.ts,Missing,P0,Margin account.
Options,GET,/eapi/v1/bill,signed,client.options.account,getBill,(new) src/registry/options.endpoints.ts,(new) src/resources/Options.ts | OptionsMarket.ts | OptionsTrading.ts | OptionsAccount.ts,(new) test/resources/Options.test.ts,Missing,P1,Billing.
Options,GET,/eapi/v1/commission,signed,client.options.account,getCommission,(new) src/registry/options.endpoints.ts,(new) src/resources/Options.ts | OptionsMarket.ts | OptionsTrading.ts | OptionsAccount.ts,(new) test/resources/Options.test.ts,Missing,P1,Commission rates.
Options,POST,/eapi/v1/order,signed,client.options.trading,createOrder,(new) src/registry/options.endpoints.ts,(new) src/resources/Options.ts | OptionsMarket.ts | OptionsTrading.ts | OptionsAccount.ts,(new) test/resources/Options.test.ts,Missing,P0,Options order placement.
Options,GET,/eapi/v1/order,signed,client.options.trading,getOrder,(new) src/registry/options.endpoints.ts,(new) src/resources/Options.ts | OptionsMarket.ts | OptionsTrading.ts | OptionsAccount.ts,(new) test/resources/Options.test.ts,Missing,P1,Options order fetch.
Options,DELETE,/eapi/v1/order,signed,client.options.trading,cancelOrder,(new) src/registry/options.endpoints.ts,(new) src/resources/Options.ts | OptionsMarket.ts | OptionsTrading.ts | OptionsAccount.ts,(new) test/resources/Options.test.ts,Missing,P0,Options order cancel.
Options,PUT,/eapi/v1/order,signed,client.options.trading,modifyOrder,(new) src/registry/options.endpoints.ts,(new) src/resources/Options.ts | OptionsMarket.ts | OptionsTrading.ts | OptionsAccount.ts,(new) test/resources/Options.test.ts,Missing,P1,Options order modify.
Options,GET,/eapi/v1/openOrders,signed,client.options.trading,getOpenOrders,(new) src/registry/options.endpoints.ts,(new) src/resources/Options.ts | OptionsMarket.ts | OptionsTrading.ts | OptionsAccount.ts,(new) test/resources/Options.test.ts,Missing,P1,Open orders.
Options,GET,/eapi/v1/allOrders,signed,client.options.trading,getAllOrders,(new) src/registry/options.endpoints.ts,(new) src/resources/Options.ts | OptionsMarket.ts | OptionsTrading.ts | OptionsAccount.ts,(new) test/resources/Options.test.ts,Missing,P1,All orders.
Options,GET,/eapi/v1/historyOrders,signed,client.options.trading,getHistoricalOrders,(new) src/registry/options.endpoints.ts,(new) src/resources/Options.ts | OptionsMarket.ts | OptionsTrading.ts | OptionsAccount.ts,(new) test/resources/Options.test.ts,Missing,P2,Historical orders.
Options,GET,/eapi/v1/userTrades,signed,client.options.trading,getUserTrades,(new) src/registry/options.endpoints.ts,(new) src/resources/Options.ts | OptionsMarket.ts | OptionsTrading.ts | OptionsAccount.ts,(new) test/resources/Options.test.ts,Missing,P1,User trades.
Options,POST,/eapi/v1/batchOrders,signed,client.options.trading,createBatchOrders,(new) src/registry/options.endpoints.ts,(new) src/resources/Options.ts | OptionsMarket.ts | OptionsTrading.ts | OptionsAccount.ts,(new) test/resources/Options.test.ts,Missing,P1,Batch orders.
Options,PUT,/eapi/v1/batchOrders,signed,client.options.trading,modifyBatchOrders,(new) src/registry/options.endpoints.ts,(new) src/resources/Options.ts | OptionsMarket.ts | OptionsTrading.ts | OptionsAccount.ts,(new) test/resources/Options.test.ts,Missing,P1,Batch orders modify.
Options,DELETE,/eapi/v1/batchOrders,signed,client.options.trading,cancelBatchOrders,(new) src/registry/options.endpoints.ts,(new) src/resources/Options.ts | OptionsMarket.ts | OptionsTrading.ts | OptionsAccount.ts,(new) test/resources/Options.test.ts,Missing,P1,Batch orders cancel.
Options,POST,/eapi/v1/countdownCancelAll,signed,client.options.trading,setCountdownCancelAll,(new) src/registry/options.endpoints.ts,(new) src/resources/Options.ts | OptionsMarket.ts | OptionsTrading.ts | OptionsAccount.ts,(new) test/resources/Options.test.ts,Missing,P1,Countdown auto-cancel.
Options,GET,/eapi/v1/mmp,signed,client.options.trading,getMmp,(new) src/registry/options.endpoints.ts,(new) src/resources/Options.ts | OptionsMarket.ts | OptionsTrading.ts | OptionsAccount.ts,(new) test/resources/Options.test.ts,Missing,P2,Market maker protection config.
Options,POST,/eapi/v1/mmpSet,signed,client.options.trading,setMmp,(new) src/registry/options.endpoints.ts,(new) src/resources/Options.ts | OptionsMarket.ts | OptionsTrading.ts | OptionsAccount.ts,(new) test/resources/Options.test.ts,Missing,P2,Set MMP.
Options,POST,/eapi/v1/mmpReset,signed,client.options.trading,resetMmp,(new) src/registry/options.endpoints.ts,(new) src/resources/Options.ts | OptionsMarket.ts | OptionsTrading.ts | OptionsAccount.ts,(new) test/resources/Options.test.ts,Missing,P2,Reset MMP.
Options,POST,/eapi/v1/block/order/create,signed,client.options.block,createBlockOrder,(new) src/registry/options.endpoints.ts,(new) src/resources/Options.ts | OptionsMarket.ts | OptionsTrading.ts | OptionsAccount.ts,(new) test/resources/Options.test.ts,Missing,P2,Block order create.
Options,POST,/eapi/v1/block/order/execute,signed,client.options.block,executeBlockOrder,(new) src/registry/options.endpoints.ts,(new) src/resources/Options.ts | OptionsMarket.ts | OptionsTrading.ts | OptionsAccount.ts,(new) test/resources/Options.test.ts,Missing,P2,Block order execute.
Options,GET,/eapi/v1/block/order/orders,signed,client.options.block,getBlockOrders,(new) src/registry/options.endpoints.ts,(new) src/resources/Options.ts | OptionsMarket.ts | OptionsTrading.ts | OptionsAccount.ts,(new) test/resources/Options.test.ts,Missing,P2,Block order list.
Options,GET,/eapi/v1/block/user-trades,signed,client.options.block,getBlockUserTrades,(new) src/registry/options.endpoints.ts,(new) src/resources/Options.ts | OptionsMarket.ts | OptionsTrading.ts | OptionsAccount.ts,(new) test/resources/Options.test.ts,Missing,P2,Block user trades.
Options,GET,/eapi/v1/blockTrades,public,client.options.market,getBlockTrades,(new) src/registry/options.endpoints.ts,(new) src/resources/Options.ts | OptionsMarket.ts | OptionsTrading.ts | OptionsAccount.ts,(new) test/resources/Options.test.ts,Missing,P2,Public block-trade ticker (recent executed block trades).
Options,POST,/eapi/v1/listenKey,apiKey,client.options.userStream,createListenKey,(new) src/registry/options.endpoints.ts,(new) src/resources/Options.ts | OptionsMarket.ts | OptionsTrading.ts | OptionsAccount.ts,(new) test/resources/Options.test.ts,Missing,P0,Listen key create.
Options,PUT,/eapi/v1/listenKey,apiKey,client.options.userStream,keepAliveListenKey,(new) src/registry/options.endpoints.ts,(new) src/resources/Options.ts | OptionsMarket.ts | OptionsTrading.ts | OptionsAccount.ts,(new) test/resources/Options.test.ts,Missing,P0,Listen key keepalive.
Options,DELETE,/eapi/v1/listenKey,apiKey,client.options.userStream,closeListenKey,(new) src/registry/options.endpoints.ts,(new) src/resources/Options.ts | OptionsMarket.ts | OptionsTrading.ts | OptionsAccount.ts,(new) test/resources/Options.test.ts,Missing,P0,Listen key close.
Portfolio Margin Pro,GET,/sapi/v1/portfolio/account,signed,client.pmPro.account,getAccount,(new) src/registry/pmpro.endpoints.ts,(new) src/resources/PortfolioMarginPro.ts,(new) test/resources/PortfolioMarginPro.test.ts,Missing,P0,PM Pro account state.
Portfolio Margin Pro,GET,/sapi/v1/portfolio/balance,signed,client.pmPro.account,getBalance,(new) src/registry/pmpro.endpoints.ts,(new) src/resources/PortfolioMarginPro.ts,(new) test/resources/PortfolioMarginPro.test.ts,Missing,P0,PM Pro balance.
Portfolio Margin Pro,GET,/sapi/v1/portfolio/asset-collection,signed,client.pmPro.account,getAssetCollection,(new) src/registry/pmpro.endpoints.ts,(new) src/resources/PortfolioMarginPro.ts,(new) test/resources/PortfolioMarginPro.test.ts,Missing,P1,Asset collection.
Portfolio Margin Pro,POST,/sapi/v1/portfolio/auto-collection,signed,client.pmPro.account,triggerAutoCollection,(new) src/registry/pmpro.endpoints.ts,(new) src/resources/PortfolioMarginPro.ts,(new) test/resources/PortfolioMarginPro.test.ts,Missing,P1,Trigger auto-collection.
Portfolio Margin Pro,POST,/sapi/v1/portfolio/bnb-transfer,signed,client.pmPro.account,transferBnb,(new) src/registry/pmpro.endpoints.ts,(new) src/resources/PortfolioMarginPro.ts,(new) test/resources/PortfolioMarginPro.test.ts,Missing,P1,BNB transfer.
Portfolio Margin Pro,GET,/sapi/v1/portfolio/delta-mode,signed,client.pmPro.config,getDeltaMode,(new) src/registry/pmpro.endpoints.ts,(new) src/resources/PortfolioMarginPro.ts,(new) test/resources/PortfolioMarginPro.test.ts,Missing,P1,Get delta accounting mode.
Portfolio Margin Pro,POST,/sapi/v1/portfolio/delta-mode,signed,client.pmPro.config,setDeltaMode,(new) src/registry/pmpro.endpoints.ts,(new) src/resources/PortfolioMarginPro.ts,(new) test/resources/PortfolioMarginPro.test.ts,Missing,P1,Set delta accounting mode.
Portfolio Margin Pro,GET,/sapi/v1/portfolio/earn-asset-balance,signed,client.pmPro.earn,getEarnAssetBalance,(new) src/registry/pmpro.endpoints.ts,(new) src/resources/PortfolioMarginPro.ts,(new) test/resources/PortfolioMarginPro.test.ts,Missing,P2,Earn asset balance.
Portfolio Margin Pro,POST,/sapi/v1/portfolio/earn-asset-transfer,signed,client.pmPro.earn,transferEarnAsset,(new) src/registry/pmpro.endpoints.ts,(new) src/resources/PortfolioMarginPro.ts,(new) test/resources/PortfolioMarginPro.test.ts,Missing,P2,Earn asset transfer.
Portfolio Margin Pro,GET,/sapi/v1/portfolio/interest-history,signed,client.pmPro.earn,getInterestHistory,(new) src/registry/pmpro.endpoints.ts,(new) src/resources/PortfolioMarginPro.ts,(new) test/resources/PortfolioMarginPro.test.ts,Missing,P2,Interest history.
Portfolio Margin Pro,GET,/sapi/v1/portfolio/margin-call-level,signed,client.pmPro.risk,getMarginCallLevel,(new) src/registry/pmpro.endpoints.ts,(new) src/resources/PortfolioMarginPro.ts,(new) test/resources/PortfolioMarginPro.test.ts,Missing,P1,Margin call level.
Portfolio Margin Pro,GET,/sapi/v1/portfolio/asset-index-price,public,client.pmPro.risk,getAssetIndexPrice,(new) src/registry/pmpro.endpoints.ts,(new) src/resources/PortfolioMarginPro.ts,(new) test/resources/PortfolioMarginPro.test.ts,Missing,P1,Asset index price.
Portfolio Margin Pro,GET,/sapi/v1/portfolio/collateralRate,public,client.pmPro.risk,getCollateralRate,(new) src/registry/pmpro.endpoints.ts,(new) src/resources/PortfolioMarginPro.ts,(new) test/resources/PortfolioMarginPro.test.ts,Missing,P1,Collateral rate.
Portfolio Margin Pro,GET,/sapi/v1/portfolio/margin-asset-leverage,public,client.pmPro.risk,getMarginAssetLeverage,(new) src/registry/pmpro.endpoints.ts,(new) src/resources/PortfolioMarginPro.ts,(new) test/resources/PortfolioMarginPro.test.ts,Missing,P2,Margin asset leverage.
Portfolio Margin Pro,POST,/sapi/v1/portfolio/pmLoan,signed,client.pmPro.loan,createPmLoan,(new) src/registry/pmpro.endpoints.ts,(new) src/resources/PortfolioMarginPro.ts,(new) test/resources/PortfolioMarginPro.test.ts,Missing,P2,PM loan create.
Portfolio Margin Pro,GET,/sapi/v1/portfolio/pmLoan,signed,client.pmPro.loan,getPmLoans,(new) src/registry/pmpro.endpoints.ts,(new) src/resources/PortfolioMarginPro.ts,(new) test/resources/PortfolioMarginPro.test.ts,Missing,P2,PM loan list (open loans).
Portfolio Margin Pro,GET,/sapi/v1/portfolio/pmloan-history,signed,client.pmPro.loan,getPmLoanHistory,(new) src/registry/pmpro.endpoints.ts,(new) src/resources/PortfolioMarginPro.ts,(new) test/resources/PortfolioMarginPro.test.ts,Missing,P2,PM loan history.
Portfolio Margin Pro,POST,/sapi/v1/portfolio/repay,signed,client.pmPro.loan,repay,(new) src/registry/pmpro.endpoints.ts,(new) src/resources/PortfolioMarginPro.ts,(new) test/resources/PortfolioMarginPro.test.ts,Missing,P2,Repay PM loan.
Portfolio Margin Pro,POST,/sapi/v1/portfolio/repay-futures-negative-balance,signed,client.pmPro.account,repayNegativeBalance,(new) src/registry/pmpro.endpoints.ts,(new) src/resources/PortfolioMarginPro.ts,(new) test/resources/PortfolioMarginPro.test.ts,Missing,P1,Repay futures negative balance.
Portfolio Margin Pro,POST,/sapi/v1/portfolio/repay-futures-switch,signed,client.pmPro.account,setRepaySwitch,(new) src/registry/pmpro.endpoints.ts,(new) src/resources/PortfolioMarginPro.ts,(new) test/resources/PortfolioMarginPro.test.ts,Missing,P1,Set repay switch.
Portfolio Margin Pro,GET,/sapi/v2/portfolio/account,signed,client.pmPro.account,getAccountV2,(new) src/registry/pmpro.endpoints.ts,(new) src/resources/PortfolioMarginPro.ts,(new) test/resources/PortfolioMarginPro.test.ts,Missing,P1,PM Pro account v2.
Portfolio Margin Pro,GET,/sapi/v2/portfolio/balance,signed,client.pmPro.account,getBalanceV2,(new) src/registry/pmpro.endpoints.ts,(new) src/resources/PortfolioMarginPro.ts,(new) test/resources/PortfolioMarginPro.test.ts,Missing,P1,PM Pro balance v2.
Portfolio Margin Pro,GET,/sapi/v2/portfolio/collateralRate,public,client.pmPro.risk,getCollateralRateV2,(new) src/registry/pmpro.endpoints.ts,(new) src/resources/PortfolioMarginPro.ts,(new) test/resources/PortfolioMarginPro.test.ts,Missing,P1,Collateral rate v2.
Portfolio Margin Pro,GET,/sapi/v2/portfolio/asset-collection,signed,client.pmPro.account,getAssetCollectionV2,(new) src/registry/pmpro.endpoints.ts,(new) src/resources/PortfolioMarginPro.ts,(new) test/resources/PortfolioMarginPro.test.ts,Missing,P2,Asset collection v2.
Crypto Loan,GET,/sapi/v1/loan/borrow/history,signed,client.cryptoLoan.history,getBorrowHistory,(new) src/registry/cryptoLoan.endpoints.ts,(new) src/resources/CryptoLoan.ts,(new) test/resources/CryptoLoan.test.ts,Missing,P1,V1 borrow history.
Crypto Loan,GET,/sapi/v1/loan/income,signed,client.cryptoLoan.history,getIncome,(new) src/registry/cryptoLoan.endpoints.ts,(new) src/resources/CryptoLoan.ts,(new) test/resources/CryptoLoan.test.ts,Missing,P1,V1 income.
Crypto Loan,GET,/sapi/v1/loan/ltv/adjustment/history,signed,client.cryptoLoan.history,getLtvAdjustmentHistory,(new) src/registry/cryptoLoan.endpoints.ts,(new) src/resources/CryptoLoan.ts,(new) test/resources/CryptoLoan.test.ts,Missing,P2,V1 LTV adjustment history.
Crypto Loan,GET,/sapi/v1/loan/repay/collateral/rate,signed,client.cryptoLoan.rate,getRepayCollateralRate,(new) src/registry/cryptoLoan.endpoints.ts,(new) src/resources/CryptoLoan.ts,(new) test/resources/CryptoLoan.test.ts,Missing,P2,Repay collateral rate.
Crypto Loan,GET,/sapi/v1/loan/repay/history,signed,client.cryptoLoan.history,getRepayHistory,(new) src/registry/cryptoLoan.endpoints.ts,(new) src/resources/CryptoLoan.ts,(new) test/resources/CryptoLoan.test.ts,Missing,P1,V1 repay history.
Crypto Loan,POST,/sapi/v2/loan/flexible/adjust/ltv,signed,client.cryptoLoan.flexible,adjustLtv,(new) src/registry/cryptoLoan.endpoints.ts,(new) src/resources/CryptoLoan.ts,(new) test/resources/CryptoLoan.test.ts,Missing,P1,Flexible LTV adjust.
Crypto Loan,POST,/sapi/v2/loan/flexible/borrow,signed,client.cryptoLoan.flexible,borrow,(new) src/registry/cryptoLoan.endpoints.ts,(new) src/resources/CryptoLoan.ts,(new) test/resources/CryptoLoan.test.ts,Missing,P0,Flexible borrow.
Crypto Loan,GET,/sapi/v2/loan/flexible/borrow/history,signed,client.cryptoLoan.flexible.history,getBorrowHistory,(new) src/registry/cryptoLoan.endpoints.ts,(new) src/resources/CryptoLoan.ts,(new) test/resources/CryptoLoan.test.ts,Missing,P1,Flexible borrow history.
Crypto Loan,GET,/sapi/v2/loan/flexible/collateral/data,signed,client.cryptoLoan.flexible.data,getCollateralData,(new) src/registry/cryptoLoan.endpoints.ts,(new) src/resources/CryptoLoan.ts,(new) test/resources/CryptoLoan.test.ts,Missing,P2,Flexible collateral data.
Crypto Loan,GET,/sapi/v2/loan/flexible/liquidation/history,signed,client.cryptoLoan.flexible.history,getLiquidationHistory,(new) src/registry/cryptoLoan.endpoints.ts,(new) src/resources/CryptoLoan.ts,(new) test/resources/CryptoLoan.test.ts,Missing,P2,Flexible liquidation history.
Crypto Loan,GET,/sapi/v2/loan/flexible/loanable/data,signed,client.cryptoLoan.flexible.data,getLoanableData,(new) src/registry/cryptoLoan.endpoints.ts,(new) src/resources/CryptoLoan.ts,(new) test/resources/CryptoLoan.test.ts,Missing,P2,Flexible loanable data.
Crypto Loan,GET,/sapi/v2/loan/flexible/ltv/adjustment/history,signed,client.cryptoLoan.flexible.history,getLtvAdjustmentHistory,(new) src/registry/cryptoLoan.endpoints.ts,(new) src/resources/CryptoLoan.ts,(new) test/resources/CryptoLoan.test.ts,Missing,P2,Flexible LTV adjustment history.
Crypto Loan,GET,/sapi/v2/loan/flexible/ongoing/orders,signed,client.cryptoLoan.flexible,getOngoingOrders,(new) src/registry/cryptoLoan.endpoints.ts,(new) src/resources/CryptoLoan.ts,(new) test/resources/CryptoLoan.test.ts,Missing,P0,Flexible ongoing orders.
Crypto Loan,POST,/sapi/v2/loan/flexible/repay,signed,client.cryptoLoan.flexible,repay,(new) src/registry/cryptoLoan.endpoints.ts,(new) src/resources/CryptoLoan.ts,(new) test/resources/CryptoLoan.test.ts,Missing,P0,Flexible repay.
Crypto Loan,GET,/sapi/v2/loan/flexible/repay/history,signed,client.cryptoLoan.flexible.history,getRepayHistory,(new) src/registry/cryptoLoan.endpoints.ts,(new) src/resources/CryptoLoan.ts,(new) test/resources/CryptoLoan.test.ts,Missing,P1,Flexible repay history.
Crypto Loan,GET,/sapi/v2/loan/flexible/repay/rate,signed,client.cryptoLoan.flexible.rate,getRepayRate,(new) src/registry/cryptoLoan.endpoints.ts,(new) src/resources/CryptoLoan.ts,(new) test/resources/CryptoLoan.test.ts,Missing,P2,Flexible repay rate.
Crypto Loan,GET,/sapi/v2/loan/interestRateHistory,signed,client.cryptoLoan.history,getInterestRateHistory,(new) src/registry/cryptoLoan.endpoints.ts,(new) src/resources/CryptoLoan.ts,(new) test/resources/CryptoLoan.test.ts,Missing,P2,Interest rate history.
Convert SAPI,POST,/sapi/v1/convert/acceptQuote,signed,client.convert.spot,acceptQuote,(new) src/registry/convertSapi.endpoints.ts,(new) src/resources/ConvertSapi.ts,(new) test/resources/ConvertSapi.test.ts,Missing,P0,Accept quote (SAPI).
Convert SAPI,POST,/sapi/v1/convert/getQuote,signed,client.convert.spot,getQuote,(new) src/registry/convertSapi.endpoints.ts,(new) src/resources/ConvertSapi.ts,(new) test/resources/ConvertSapi.test.ts,Missing,P0,Get quote (SAPI).
Convert SAPI,POST,/sapi/v1/convert/limit/cancelOrder,signed,client.convert.spot.limit,cancelOrder,(new) src/registry/convertSapi.endpoints.ts,(new) src/resources/ConvertSapi.ts,(new) test/resources/ConvertSapi.test.ts,Missing,P1,Cancel limit order.
Convert SAPI,POST,/sapi/v1/convert/limit/placeOrder,signed,client.convert.spot.limit,placeOrder,(new) src/registry/convertSapi.endpoints.ts,(new) src/resources/ConvertSapi.ts,(new) test/resources/ConvertSapi.test.ts,Missing,P1,Place limit order.
Convert SAPI,GET,/sapi/v1/convert/limit/queryOpenOrders,signed,client.convert.spot.limit,getOpenOrders,(new) src/registry/convertSapi.endpoints.ts,(new) src/resources/ConvertSapi.ts,(new) test/resources/ConvertSapi.test.ts,Missing,P1,Query open limit orders.
Convert SAPI,GET,/sapi/v1/convert/orderStatus,signed,client.convert.spot,getOrderStatus,(new) src/registry/convertSapi.endpoints.ts,(new) src/resources/ConvertSapi.ts,(new) test/resources/ConvertSapi.test.ts,Missing,P0,Order status.
Convert SAPI,GET,/sapi/v1/convert/tradeFlow,signed,client.convert.spot,getTradeFlow,(new) src/registry/convertSapi.endpoints.ts,(new) src/resources/ConvertSapi.ts,(new) test/resources/ConvertSapi.test.ts,Missing,P1,Trade flow history.
Convert SAPI,GET,/sapi/v1/convert/assetInfo,public,client.convert.spot,getAssetInfo,(new) src/registry/convertSapi.endpoints.ts,(new) src/resources/ConvertSapi.ts,(new) test/resources/ConvertSapi.test.ts,Missing,P1,Convert asset info.
Convert SAPI,GET,/sapi/v1/convert/exchangeInfo,public,client.convert.spot,getExchangeInfo,(new) src/registry/convertSapi.endpoints.ts,(new) src/resources/ConvertSapi.ts,(new) test/resources/ConvertSapi.test.ts,Missing,P1,Convert exchange info.
Algo SAPI,GET,/sapi/v1/algo/futures/historicalOrders,signed,client.algo.futures,getHistoricalOrders,(new) src/registry/algoSapi.endpoints.ts,(new) src/resources/AlgoSapi.ts,(new) test/resources/AlgoSapi.test.ts,Missing,P1,Futures algo historical orders.
Algo SAPI,POST,/sapi/v1/algo/futures/newOrderTwap,signed,client.algo.futures,createTwapOrder,(new) src/registry/algoSapi.endpoints.ts,(new) src/resources/AlgoSapi.ts,(new) test/resources/AlgoSapi.test.ts,Missing,P0,Futures algo TWAP order.
Algo SAPI,POST,/sapi/v1/algo/futures/newOrderVp,signed,client.algo.futures,createVpOrder,(new) src/registry/algoSapi.endpoints.ts,(new) src/resources/AlgoSapi.ts,(new) test/resources/AlgoSapi.test.ts,Missing,P0,Futures algo VP order.
Algo SAPI,GET,/sapi/v1/algo/futures/openOrders,signed,client.algo.futures,getOpenOrders,(new) src/registry/algoSapi.endpoints.ts,(new) src/resources/AlgoSapi.ts,(new) test/resources/AlgoSapi.test.ts,Missing,P0,Futures algo open orders.
Algo SAPI,DELETE,/sapi/v1/algo/futures/order,signed,client.algo.futures,cancelOrder,(new) src/registry/algoSapi.endpoints.ts,(new) src/resources/AlgoSapi.ts,(new) test/resources/AlgoSapi.test.ts,Missing,P0,Futures algo cancel order.
Algo SAPI,GET,/sapi/v1/algo/futures/subOrders,signed,client.algo.futures,getSubOrders,(new) src/registry/algoSapi.endpoints.ts,(new) src/resources/AlgoSapi.ts,(new) test/resources/AlgoSapi.test.ts,Missing,P1,Futures algo sub-orders.
Algo SAPI,GET,/sapi/v1/algo/spot/historicalOrders,signed,client.algo.spot,getHistoricalOrders,(new) src/registry/algoSapi.endpoints.ts,(new) src/resources/AlgoSapi.ts,(new) test/resources/AlgoSapi.test.ts,Missing,P1,Spot algo historical orders.
Algo SAPI,POST,/sapi/v1/algo/spot/newOrderTwap,signed,client.algo.spot,createTwapOrder,(new) src/registry/algoSapi.endpoints.ts,(new) src/resources/AlgoSapi.ts,(new) test/resources/AlgoSapi.test.ts,Missing,P0,Spot algo TWAP order.
Algo SAPI,GET,/sapi/v1/algo/spot/openOrders,signed,client.algo.spot,getOpenOrders,(new) src/registry/algoSapi.endpoints.ts,(new) src/resources/AlgoSapi.ts,(new) test/resources/AlgoSapi.test.ts,Missing,P0,Spot algo open orders.
Algo SAPI,DELETE,/sapi/v1/algo/spot/order,signed,client.algo.spot,cancelOrder,(new) src/registry/algoSapi.endpoints.ts,(new) src/resources/AlgoSapi.ts,(new) test/resources/AlgoSapi.test.ts,Missing,P0,Spot algo cancel order.
Algo SAPI,GET,/sapi/v1/algo/spot/subOrders,signed,client.algo.spot,getSubOrders,(new) src/registry/algoSapi.endpoints.ts,(new) src/resources/AlgoSapi.ts,(new) test/resources/AlgoSapi.test.ts,Missing,P1,Spot algo sub-orders.
Dual Investment,GET,/sapi/v1/dci/product/accounts,signed,client.dualInvestment,getAccounts,(new) src/registry/dualInvestment.endpoints.ts,(new) src/resources/DualInvestment.ts,(new) test/resources/DualInvestment.test.ts,Missing,P1,DCI product accounts.
Dual Investment,POST,/sapi/v1/dci/product/auto_compound/edit-status,signed,client.dualInvestment,editAutoCompoundStatus,(new) src/registry/dualInvestment.endpoints.ts,(new) src/resources/DualInvestment.ts,(new) test/resources/DualInvestment.test.ts,Missing,P1,Edit auto-compound status.
Dual Investment,GET,/sapi/v1/dci/product/positions,signed,client.dualInvestment,getPositions,(new) src/registry/dualInvestment.endpoints.ts,(new) src/resources/DualInvestment.ts,(new) test/resources/DualInvestment.test.ts,Missing,P1,DCI product positions.
Dual Investment,POST,/sapi/v1/dci/product/subscribe,signed,client.dualInvestment,subscribe,(new) src/registry/dualInvestment.endpoints.ts,(new) src/resources/DualInvestment.ts,(new) test/resources/DualInvestment.test.ts,Missing,P0,DCI product subscribe.
Dual Investment,GET,/sapi/v1/dci/product/list,signed,client.dualInvestment,listProducts,(new) src/registry/dualInvestment.endpoints.ts,(new) src/resources/DualInvestment.ts,(new) test/resources/DualInvestment.test.ts,Missing,P1,DCI product list.
Alpha,GET,/bapi/defi/v1/public/alpha-trade/agg-trades,public,client.alpha.market,getAggTrades,(new) src/registry/alpha.endpoints.ts,(new) src/resources/Alpha.ts,(new) test/resources/Alpha.test.ts,Missing,P1,Alpha agg-trades.
Alpha,GET,/bapi/defi/v1/public/alpha-trade/get-exchange-info,public,client.alpha.market,getExchangeInfo,(new) src/registry/alpha.endpoints.ts,(new) src/resources/Alpha.ts,(new) test/resources/Alpha.test.ts,Missing,P0,Alpha exchange info.
Alpha,GET,/bapi/defi/v1/public/alpha-trade/klines,public,client.alpha.market,getKlines,(new) src/registry/alpha.endpoints.ts,(new) src/resources/Alpha.ts,(new) test/resources/Alpha.test.ts,Missing,P1,Alpha klines.
Alpha,GET,/bapi/defi/v1/public/alpha-trade/ticker,public,client.alpha.market,getTicker,(new) src/registry/alpha.endpoints.ts,(new) src/resources/Alpha.ts,(new) test/resources/Alpha.test.ts,Missing,P1,Alpha ticker.
Alpha,GET,/bapi/defi/v1/public/wallet-direct/buw/wallet/cex/alpha/all/token/list,public,client.alpha.wallet,getTokenList,(new) src/registry/alpha.endpoints.ts,(new) src/resources/Alpha.ts,(new) test/resources/Alpha.test.ts,Missing,P2,Alpha wallet token list.
Copy Trading,GET,/sapi/v1/copyTrading/futures/leadSymbol,signed,client.copyTrading.futures,getLeadSymbol,(new) src/registry/copyTrading.endpoints.ts,(new) src/resources/CopyTrading.ts,(new) test/resources/CopyTrading.test.ts,Missing,P1,Copy-trading lead symbol.
Copy Trading,GET,/sapi/v1/copyTrading/futures/userStatus,signed,client.copyTrading.futures,getUserStatus,(new) src/registry/copyTrading.endpoints.ts,(new) src/resources/CopyTrading.ts,(new) test/resources/CopyTrading.test.ts,Missing,P1,Copy-trading user status.
C2C,GET,/sapi/v1/c2c/orderMatch/listUserOrderHistory,signed,client.c2c,getUserOrderHistory,(new) src/registry/c2c.endpoints.ts,(new) src/resources/C2C.ts,(new) test/resources/C2C.test.ts,Missing,P2,C2C order-match user history.
